milk_id,timestamp,storage_hours,current_temperature_c,avg_temperature_c,min_temperature_c,max_temperature_c,temperature_std_c,time_above_6c_hours,time_above_8c_hours,num_temperature_excursions,longest_excursion_hours,cumulative_temperature_exposure,temperature_trend,remaining_shelf_life_hours,safety_status
MILK_0000,2026-08-22T01:00:00,22,3.6,4.07,0.58,8.34,1.62,2,1,1,1,93.66,-1.0844,312.44,SAFE
MILK_0001,2026-08-29T23:00:00,135,4.48,3.99,2.69,5.23,0.47,0,0,0,0,542.44,0.1134,199.99,SAFE
MILK_0002,2026-08-24T07:00:00,387,1.19,4.61,0.5,8.68,1.53,69,7,7,1,1787.08,-0.3638,0.0,UNSAFE
MILK_0003,2026-08-21T02:00:00,389,5.75,7.06,4.3,9.63,0.99,334,72,60,3,2754.57,-0.2303,0.0,UNSAFE
MILK_0004,2026-08-31T23:00:00,54,6.56,7.07,5.41,9.47,0.84,50,6,6,1,388.74,-0.0247,258.62,SAFE
MILK_0005,2026-08-20T15:00:00,26,4.02,4.24,3.66,5.07,0.42,0,0,0,0,114.47,-0.0791,308.25,SAFE
MILK_0006,2026-08-06T03:00:00,121,4.08,4.0,2.88,5.47,0.49,0,0,0,0,487.88,0.1574,213.84,SAFE
MILK_0007,2026-08-21T22:00:00,318,4.52,4.59,0.61,8.4,1.5,53,4,4,1,1464.34,-0.3286,0.0,UNSAFE
MILK_0008,2026-08-06T08:00:00,111,3.78,4.74,2.56,19.83,2.94,8,8,1,8,530.35,0.0396,204.8,SAFE
MILK_0009,2026-09-02T01:00:00,224,4.9,4.6,0.5,9.29,1.47,39,2,2,1,1034.6,0.2821,92.54,SAFE
MILK_0010,2026-08-21T13:00:00,311,3.39,4.44,0.5,8.57,1.52,51,3,3,1,1385.49,0.5726,3.92,CAUTION
MILK_0011,2026-08-25T14:00:00,398,3.65,4.54,0.59,9.16,1.46,59,5,5,1,1810.8,-0.6475,0.0,UNSAFE
MILK_0012,2026-09-10T12:00:00,367,3.44,4.02,2.34,5.53,0.48,0,0,0,0,1477.58,-0.0289,0.0,UNSAFE
MILK_0013,2026-08-20T18:00:00,152,4.84,4.39,0.5,8.12,1.48,23,1,1,1,672.13,0.4764,174.13,SAFE
MILK_0014,2026-08-21T22:00:00,400,4.77,4.55,0.5,8.65,1.51,79,5,5,1,1824.98,0.1833,0.0,UNSAFE
MILK_0015,2026-08-13T12:00:00,57,0.76,4.24,0.6,7.4,1.52,8,0,0,0,245.93,-0.9918,275.63,SAFE
MILK_0016,2026-08-21T04:00:00,193,12.07,12.06,3.83,19.71,3.01,191,173,19,39,2340.23,-0.8968,0.0,UNSAFE
MILK_0017,2026-09-10T18:00:00,319,11.34,11.59,3.48,21.46,3.0,309,277,41,23,3709.46,1.9684,0.0,UNSAFE
MILK_0018,2026-08-25T00:00:00,383,3.96,3.98,2.55,5.32,0.5,0,0,0,0,1527.62,-0.068,0.0,UNSAFE
MILK_0019,2026-08-18T18:00:00,73,4.9,4.53,1.25,7.27,1.42,12,0,0,0,335.45,0.0915,256.6,SAFE
MILK_0020,2026-09-01T14:00:00,50,4.35,4.06,3.03,4.99,0.46,0,0,0,0,207.23,-0.019,284.58,SAFE
MILK_0021,2026-09-01T04:00:00,331,3.65,4.45,0.5,9.12,1.48,43,5,5,1,1477.06,-0.5174,0.0,UNSAFE
MILK_0022,2026-09-02T04:00:00,305,3.16,4.43,0.5,9.02,1.47,41,3,3,1,1356.46,0.5576,10.86,CAUTION
MILK_0023,2026-08-09T19:00:00,45,7.75,7.17,5.48,9.94,1.0,39,7,7,1,329.78,-0.0538,270.44,SAFE
MILK_0024,2026-08-08T03:00:00,126,2.56,4.28,0.5,7.67,1.44,14,0,0,0,543.06,-0.7292,203.46,SAFE
MILK_0025,2026-08-27T11:00:00,50,3.71,5.66,2.88,16.61,3.83,9,9,1,9,288.71,-0.1171,267.55,SAFE
MILK_0026,2026-08-10T20:00:00,152,5.02,3.95,2.44,5.07,0.54,0,0,0,0,604.96,0.3111,183.5,SAFE
MILK_0027,2026-08-24T00:00:00,196,3.38,4.24,2.58,16.73,1.8,5,5,1,5,834.97,-0.1158,127.81,SAFE
MILK_0028,2026-08-26T23:00:00,353,4.01,4.0,2.72,5.62,0.54,0,0,0,0,1417.59,-0.0005,0.0,UNSAFE
MILK_0029,2026-08-24T21:00:00,359,4.4,4.4,0.5,8.67,1.49,50,3,3,1,1585.37,0.408,0.0,UNSAFE
MILK_0030,2026-09-03T11:00:00,321,6.25,4.44,0.5,8.31,1.47,47,2,2,1,1429.49,-0.0299,0.0,UNSAFE
MILK_0031,2026-09-02T00:00:00,283,3.33,4.48,0.97,9.79,1.61,52,5,5,1,1271.38,-0.1914,31.96,CAUTION
MILK_0032,2026-08-28T04:00:00,93,4.8,4.26,0.78,8.58,1.59,14,1,1,1,400.85,0.4504,237.73,SAFE
MILK_0033,2026-08-21T16:00:00,148,6.59,4.57,0.5,9.18,1.66,30,5,5,1,681.23,0.4747,174.65,SAFE
MILK_0034,2026-09-14T22:00:00,362,7.75,6.91,3.78,10.28,1.01,298,49,45,3,2508.62,0.1451,0.0,UNSAFE
MILK_0035,2026-09-02T07:00:00,360,4.34,4.04,2.43,5.43,0.5,0,0,0,0,1458.4,0.0206,0.0,UNSAFE
MILK_0036,2026-08-16T08:00:00,127,3.98,3.98,2.6,5.34,0.51,0,0,0,0,509.01,-0.2387,208.13,SAFE
MILK_0037,2026-09-03T04:00:00,171,3.9,4.03,2.53,5.69,0.55,0,0,0,0,692.69,0.0493,163.17,SAFE
MILK_0038,2026-08-15T03:00:00,43,1.77,4.55,1.04,8.48,1.77,6,2,2,1,200.11,-0.4939,288.38,SAFE
MILK_0039,2026-08-23T11:00:00,377,13.91,12.16,4.47,21.47,3.03,371,345,32,30,4597.53,0.0622,0.0,UNSAFE
MILK_0040,2026-08-25T15:00:00,345,6.85,4.51,0.5,9.82,1.5,58,4,4,1,1559.65,-0.0864,0.0,UNSAFE
MILK_0041,2026-08-30T15:00:00,339,3.33,4.11,2.74,18.47,1.37,4,4,1,4,1396.58,-0.0713,0.0,UNSAFE
MILK_0042,2026-08-14T20:00:00,136,4.67,4.01,2.55,5.23,0.51,0,0,0,0,549.43,0.0273,198.63,SAFE
MILK_0043,2026-09-05T14:00:00,285,3.9,4.3,2.04,19.61,1.95,8,8,1,8,1230.94,0.0389,29.51,CAUTION
MILK_0044,2026-09-01T09:00:00,308,4.73,4.5,0.8,8.47,1.47,48,1,1,1,1391.95,-0.4298,5.09,CAUTION
MILK_0045,2026-08-18T13:00:00,122,4.07,4.02,2.82,5.29,0.46,0,0,0,0,494.03,0.0747,212.62,SAFE
MILK_0046,2026-08-16T14:00:00,262,3.9,4.34,2.79,18.98,2.1,9,9,1,9,1140.28,0.0667,51.69,CAUTION
MILK_0047,2026-08-05T19:00:00,88,4.49,3.91,2.38,5.07,0.54,0,0,0,0,348.26,-0.0764,247.69,SAFE
MILK_0048,2026-09-05T03:00:00,358,1.73,4.5,0.5,8.35,1.43,52,1,1,1,1616.1,-0.7558,0.0,UNSAFE
MILK_0049,2026-08-16T13:00:00,42,15.98,12.05,4.57,17.42,3.07,42,40,4,17,518.24,1.6292,225.99,SAFE
MILK_0050,2026-08-26T15:00:00,315,4.22,4.52,0.5,9.16,1.48,51,4,4,1,1429.47,-0.8513,0.0,UNSAFE
MILK_0051,2026-08-21T10:00:00,138,5.3,4.04,2.55,5.3,0.5,0,0,0,0,561.41,0.3349,196.2,SAFE
MILK_0052,2026-09-01T22:00:00,358,6.81,6.95,3.24,10.07,1.07,289,60,50,2,2495.24,0.2589,0.0,UNSAFE
MILK_0053,2026-09-08T02:00:00,359,4.25,4.03,2.74,5.47,0.48,0,0,0,0,1452.31,0.098,0.0,UNSAFE
MILK_0054,2026-09-15T03:00:00,394,1.99,4.39,0.55,8.89,1.42,42,2,2,1,1735.58,-1.1029,0.0,UNSAFE
MILK_0055,2026-08-17T12:00:00,184,3.25,4.48,0.5,8.76,1.52,27,2,2,1,827.92,-0.258,138.33,SAFE
MILK_0056,2026-08-14T01:00:00,232,2.97,4.6,0.5,8.7,1.61,51,4,4,1,1071.2,-0.4427,83.23,SAFE
MILK_0057,2026-08-07T01:00:00,11,4.85,5.22,3.05,9.06,1.72,4,1,1,1,62.66,-0.3268,322.02,SAFE
MILK_0058,2026-09-16T17:00:00,378,8.18,7.11,2.94,9.88,0.96,327,59,49,2,2695.94,-0.3402,0.0,UNSAFE
MILK_0059,2026-08-26T08:00:00,400,7.35,7.04,4.03,10.29,1.08,343,75,64,3,2821.5,-0.406,0.0,UNSAFE
MILK_0060,2026-08-09T08:00:00,64,3.05,4.4,1.54,8.07,1.49,7,1,1,1,286.21,-0.8449,267.13,SAFE
MILK_0061,2026-09-04T14:00:00,162,3.12,4.45,0.5,8.09,1.58,30,1,1,1,724.54,-0.7756,162.21,SAFE
MILK_0062,2026-09-08T01:00:00,269,4.76,4.55,0.5,7.5,1.42,44,0,0,0,1227.43,0.038,45.87,CAUTION
MILK_0063,2026-08-23T22:00:00,88,13.56,12.06,5.38,18.95,2.79,88,82,8,39,1073.46,-0.238,109.94,SAFE
MILK_0064,2026-08-24T03:00:00,286,6.66,7.05,4.07,9.49,0.99,240,55,47,2,2023.12,0.3693,0.0,UNSAFE
MILK_0065,2026-09-01T02:00:00,10,16.27,6.23,3.25,16.27,4.1,2,2,1,2,68.53,3.2622,320.03,SAFE
MILK_0066,2026-08-18T19:00:00,67,3.54,5.51,2.91,18.0,3.92,9,9,1,9,374.35,-0.2283,244.97,SAFE
MILK_0067,2026-08-31T21:00:00,132,3.34,4.36,3.05,16.64,1.85,4,4,1,4,580.37,0.0386,193.3,SAFE
MILK_0068,2026-08-31T20:00:00,50,4.17,3.95,0.78,8.03,1.44,2,1,1,1,201.33,0.3081,284.65,SAFE
MILK_0069,2026-08-14T17:00:00,258,3.56,3.99,2.18,5.35,0.52,0,0,0,0,1034.35,-0.1223,76.76,SAFE
MILK_0070,2026-09-12T17:00:00,399,5.87,4.49,0.5,10.17,1.58,56,4,4,1,1796.21,0.4589,0.0,UNSAFE
MILK_0071,2026-08-21T07:00:00,75,3.68,5.01,2.84,17.86,3.32,7,7,1,7,380.79,-2.7794,242.7,SAFE
MILK_0072,2026-08-18T00:00:00,280,3.54,4.01,2.78,5.48,0.5,0,0,0,0,1127.42,0.038,54.2,CAUTION
MILK_0073,2026-09-07T05:00:00,226,5.03,4.48,0.5,8.63,1.51,40,2,2,1,1017.33,-0.0629,93.34,SAFE
MILK_0074,2026-09-12T04:00:00,286,10.1,12.21,2.01,19.36,2.95,283,264,21,51,3505.13,-1.2603,0.0,UNSAFE
MILK_0075,2026-09-10T02:00:00,363,4.89,4.56,0.71,8.97,1.41,57,4,4,1,1659.1,0.4036,0.0,UNSAFE
MILK_0076,2026-08-14T23:00:00,169,4.13,3.98,2.5,5.38,0.51,0,0,0,0,677.32,0.0081,166.03,SAFE
MILK_0077,2026-08-28T03:00:00,342,7.23,4.57,0.72,9.15,1.54,64,5,5,1,1566.23,0.6916,0.0,UNSAFE
MILK_0078,2026-08-24T00:00:00,274,5.16,4.7,0.5,8.31,1.44,46,3,3,1,1293.34,0.0912,35.17,CAUTION
MILK_0079,2026-08-20T19:00:00,136,3.57,3.9,2.5,5.06,0.48,0,0,0,0,533.93,-0.2291,200.35,SAFE
MILK_0080,2026-08-15T17:00:00,183,4.48,4.44,2.83,19.24,2.15,7,7,1,7,817.35,0.2274,134.3,SAFE
MILK_0081,2026-08-31T06:00:00,311,5.46,4.58,0.5,9.0,1.55,56,3,3,1,1427.86,0.9214,0.0,UNSAFE
MILK_0082,2026-08-09T22:00:00,46,6.6,7.04,4.71,9.64,0.89,43,5,4,2,330.71,-0.243,270.08,SAFE
MILK_0083,2026-08-25T12:00:00,40,4.93,4.03,2.99,4.93,0.5,0,0,0,0,165.33,0.1188,294.79,SAFE
MILK_0084,2026-08-09T04:00:00,26,2.94,4.45,1.94,7.72,1.58,6,0,0,0,120.2,-0.5176,307.19,SAFE
MILK_0085,2026-08-30T08:00:00,46,2.82,4.62,1.76,8.28,1.44,7,1,1,1,217.3,-0.2426,285.02,SAFE
MILK_0086,2026-08-23T15:00:00,152,4.71,4.23,2.79,15.25,1.6,4,4,1,4,646.57,0.1616,175.72,SAFE
MILK_0087,2026-09-03T00:00:00,380,3.97,4.21,2.79,17.54,1.63,7,7,1,7,1604.79,-0.0185,0.0,UNSAFE
MILK_0088,2026-08-26T19:00:00,252,5.73,4.59,0.5,8.34,1.44,46,1,1,1,1161.1,0.4864,62.69,CAUTION
MILK_0089,2026-08-31T00:00:00,107,3.87,4.35,2.54,19.49,2.12,3,3,1,3,470.26,-0.0291,218.61,SAFE
MILK_0090,2026-08-30T12:00:00,191,2.86,4.46,1.48,8.88,1.45,26,3,3,1,856.58,-0.2824,131.4,SAFE
MILK_0091,2026-08-24T22:00:00,249,4.03,4.02,2.07,5.2,0.5,0,0,0,0,1005.23,-0.086,85.05,SAFE
MILK_0092,2026-08-30T12:00:00,37,3.34,4.36,1.45,7.38,1.28,2,0,0,0,165.78,-0.1711,296.07,SAFE
MILK_0093,2026-09-06T00:00:00,340,3.68,3.97,2.4,5.8,0.52,0,0,0,0,1354.61,-0.1677,0.0,UNSAFE
MILK_0094,2026-08-13T01:00:00,216,4.61,4.54,0.86,9.61,1.48,36,2,2,1,986.12,0.1367,102.55,SAFE
MILK_0095,2026-08-27T03:00:00,65,5.61,7.01,5.34,9.33,0.93,56,9,7,2,462.85,-0.6587,243.62,SAFE
MILK_0096,2026-08-12T17:00:00,107,4.48,4.53,1.37,8.56,1.5,16,1,1,1,489.18,0.4477,219.96,SAFE
MILK_0097,2026-08-21T23:00:00,81,3.65,4.51,2.73,19.06,2.58,4,4,1,4,369.82,-0.1822,243.75,SAFE
MILK_0098,2026-08-15T07:00:00,137,4.59,4.39,0.5,8.34,1.58,24,3,3,1,605.22,-0.032,189.83,SAFE
MILK_0099,2026-09-06T22:00:00,236,4.25,4.05,2.52,5.26,0.5,0,0,0,0,958.83,0.1897,97.45,SAFE
MILK_0100,2026-08-29T05:00:00,60,11.22,12.52,6.94,19.1,2.84,61,57,5,29,763.64,1.0346,172.76,SAFE
MILK_0101,2026-08-14T18:00:00,286,5.95,6.97,3.79,9.46,1.0,235,45,39,2,2000.95,-0.1921,0.0,UNSAFE
MILK_0102,2026-08-29T09:00:00,57,15.48,12.46,6.4,17.45,2.49,58,55,4,31,722.51,0.9367,183.72,SAFE
MILK_0103,2026-09-03T06:00:00,95,3.32,4.02,3.0,5.81,0.5,0,0,0,0,386.2,0.0131,239.61,SAFE
MILK_0104,2026-08-25T07:00:00,256,3.74,3.98,2.62,5.29,0.5,0,0,0,0,1022.19,-0.0776,79.25,SAFE
MILK_0105,2026-08-09T04:00:00,40,5.1,5.79,3.2,18.18,4.16,6,6,1,6,237.45,0.2351,278.59,SAFE
MILK_0106,2026-08-07T13:00:00,145,5.6,4.44,0.51,8.54,1.5,20,1,1,1,648.0,-0.2407,180.7,SAFE
MILK_0107,2026-09-06T02:00:00,156,5.35,4.34,0.86,8.35,1.43,21,2,2,1,681.78,0.2183,170.95,SAFE
MILK_0108,2026-08-30T22:00:00,384,2.68,4.5,0.98,10.03,1.51,61,6,6,1,1732.47,-0.0355,0.0,UNSAFE
MILK_0109,2026-09-10T05:00:00,348,4.1,4.1,2.56,16.47,1.22,4,4,1,4,1429.95,0.1188,0.0,UNSAFE
MILK_0110,2026-08-12T10:00:00,121,6.07,6.9,4.56,9.47,0.94,104,15,11,2,841.2,0.0208,167.41,SAFE
MILK_0111,2026-09-12T19:00:00,306,4.0,4.11,2.61,16.32,1.2,3,3,1,3,1261.63,0.1182,21.35,CAUTION
MILK_0112,2026-08-26T01:00:00,39,6.69,7.2,5.28,8.79,0.87,36,8,6,2,287.85,-0.2942,278.92,SAFE
MILK_0113,2026-08-13T08:00:00,254,5.89,4.56,0.98,8.21,1.34,39,1,1,1,1161.83,0.3627,61.94,CAUTION
MILK_0114,2026-08-21T10:00:00,90,6.45,6.86,4.11,8.46,0.88,76,9,9,1,624.03,0.0874,210.86,SAFE
MILK_0115,2026-08-04T19:00:00,51,4.09,3.94,2.89,5.19,0.49,0,0,0,0,205.08,0.0244,284.25,SAFE
MILK_0116,2026-08-30T02:00:00,45,8.91,7.37,5.4,10.12,0.93,45,9,8,2,338.97,0.5351,269.04,SAFE
MILK_0117,2026-09-03T21:00:00,355,5.9,4.47,1.11,9.06,1.4,50,2,2,1,1592.72,0.6138,0.0,UNSAFE
MILK_0118,2026-09-06T07:00:00,216,6.65,7.05,4.46,9.79,0.96,183,37,31,2,1530.92,0.0935,30.78,CAUTION
MILK_0119,2026-08-10T10:00:00,136,4.24,4.02,2.96,5.29,0.46,0,0,0,0,550.95,0.0319,198.5,SAFE
MILK_0120,2026-08-21T01:00:00,30,3.57,3.91,2.83,4.79,0.42,0,0,0,0,121.12,-0.015,305.28,SAFE
MILK_0121,2026-08-29T10:00:00,224,6.83,4.32,0.5,8.18,1.31,26,1,1,1,973.04,0.4257,100.42,SAFE
MILK_0122,2026-09-04T05:00:00,299,4.14,3.93,2.76,5.17,0.49,0,0,0,0,1179.5,0.1515,37.82,CAUTION
MILK_0123,2026-08-23T09:00:00,143,17.18,11.8,4.29,18.19,2.87,139,131,12,30,1698.93,1.8326,0.0,UNSAFE
MILK_0124,2026-08-23T13:00:00,376,6.91,7.03,3.93,10.38,1.04,320,70,55,3,2649.57,-0.0696,0.0,UNSAFE
MILK_0125,2026-08-17T08:00:00,145,12.67,11.9,2.83,19.39,2.96,145,137,9,39,1737.45,0.6156,0.0,UNSAFE
MILK_0126,2026-08-27T21:00:00,353,2.53,4.57,0.5,8.85,1.56,68,5,5,1,1618.23,-1.1662,0.0,UNSAFE
MILK_0127,2026-08-31T13:00:00,244,3.76,4.03,2.69,5.16,0.46,0,0,0,0,987.98,-0.0519,89.81,SAFE
MILK_0128,2026-08-11T16:00:00,14,14.29,10.95,7.09,15.75,2.54,15,13,3,7,164.3,1.3874,302.49,SAFE
MILK_0129,2026-08-28T05:00:00,298,4.23,4.02,2.5,5.4,0.51,0,0,0,0,1203.03,0.0386,35.75,CAUTION
MILK_0130,2026-08-15T23:00:00,285,3.91,4.04,2.72,5.4,0.47,0,0,0,0,1154.66,-0.1109,48.44,CAUTION
MILK_0131,2026-08-13T17:00:00,145,3.76,4.13,0.5,7.8,1.54,17,0,0,0,603.23,0.3032,185.76,SAFE
MILK_0132,2026-08-07T08:00:00,45,4.33,4.05,2.52,5.35,0.57,0,0,0,0,186.16,-0.0776,289.67,SAFE
MILK_0133,2026-09-06T14:00:00,199,5.02,4.19,2.75,16.2,1.62,4,4,1,4,837.11,0.4428,127.04,SAFE
MILK_0134,2026-08-31T03:00:00,370,3.79,4.26,2.53,20.89,1.85,7,7,1,7,1581.94,-0.1201,0.0,UNSAFE
MILK_0135,2026-09-07T12:00:00,280,5.25,4.53,0.5,8.85,1.48,43,2,2,1,1273.57,0.6061,34.1,CAUTION
MILK_0136,2026-08-14T02:00:00,293,5.85,6.95,4.48,10.01,0.97,244,42,36,3,2041.97,-0.329,0.0,UNSAFE
MILK_0137,2026-08-13T12:00:00,63,3.69,3.98,2.75,5.21,0.49,0,0,0,0,254.57,-0.0184,272.06,SAFE
MILK_0138,2026-09-06T05:00:00,145,6.87,6.95,3.03,9.53,1.08,118,20,20,1,1014.11,-0.2367,132.81,SAFE
MILK_0139,2026-08-20T09:00:00,390,3.84,3.95,2.27,5.37,0.48,0,0,0,0,1544.44,-0.1916,0.0,UNSAFE
MILK_0140,2026-08-24T09:00:00,149,4.01,4.48,2.83,18.83,2.39,7,7,1,7,672.34,-0.1032,169.46,SAFE
MILK_0141,2026-08-15T15:00:00,185,4.14,4.05,2.83,5.43,0.49,0,0,0,0,752.8,0.2888,148.76,SAFE
MILK_0142,2026-08-21T19:00:00,334,3.34,4.58,0.5,8.2,1.48,58,2,2,1,1535.45,0.2556,0.0,UNSAFE
MILK_0143,2026-09-08T12:00:00,268,6.24,4.53,0.76,8.35,1.49,40,1,1,1,1217.38,0.8114,47.19,CAUTION
MILK_0144,2026-08-17T20:00:00,36,4.04,4.2,0.5,7.62,1.56,5,0,0,0,155.24,-0.017,297.63,SAFE
MILK_0145,2026-08-13T06:00:00,226,4.17,3.98,2.45,5.22,0.51,0,0,0,0,904.14,0.1533,109.07,SAFE
MILK_0146,2026-08-28T16:00:00,32,4.27,4.54,0.51,7.09,1.55,5,0,0,0,149.98,0.4277,300.48,SAFE
MILK_0147,2026-08-04T14:00:00,76,10.03,11.73,1.4,18.4,3.03,74,70,7,22,903.44,-0.6888,146.04,SAFE
MILK_0148,2026-08-25T04:00:00,92,3.81,4.9,3.0,17.3,3.03,7,7,1,7,455.76,-0.1348,224.79,SAFE
MILK_0149,2026-09-04T22:00:00,297,4.53,4.57,0.5,9.52,1.58,50,7,7,1,1362.02,-0.2182,13.84,CAUTION
MILK_0150,2026-08-03T03:00:00,48,4.26,4.0,2.98,5.1,0.56,0,0,0,0,196.01,-0.1043,286.91,SAFE
MILK_0151,2026-09-04T12:00:00,86,4.07,4.38,2.33,16.51,2.23,3,3,1,3,380.72,0.2127,241.11,SAFE
MILK_0152,2026-09-09T07:00:00,308,3.5,3.96,1.91,5.25,0.52,0,0,0,0,1222.96,-0.1014,27.92,CAUTION
MILK_0153,2026-08-27T18:00:00,230,3.96,4.04,2.4,5.16,0.48,0,0,0,0,933.07,0.0123,103.68,SAFE
MILK_0154,2026-08-12T00:00:00,167,3.78,4.54,2.5,16.82,2.38,9,9,1,9,763.39,-0.0965,148.85,SAFE
MILK_0155,2026-09-05T02:00:00,193,5.04,4.31,0.5,8.03,1.43,24,1,1,1,835.24,0.1945,132.92,SAFE
MILK_0156,2026-08-13T14:00:00,137,4.1,4.57,0.5,8.13,1.46,23,1,1,1,630.62,0.3889,187.21,SAFE
MILK_0157,2026-08-30T02:00:00,191,3.84,4.41,2.72,15.52,1.98,9,9,1,9,845.97,0.0099,128.59,SAFE
MILK_0158,2026-08-31T04:00:00,393,5.32,4.0,2.74,5.7,0.5,0,0,0,0,1575.02,0.1519,0.0,UNSAFE
MILK_0159,2026-08-09T04:00:00,93,6.17,4.55,1.45,8.9,1.46,16,1,1,1,427.51,0.9014,234.86,SAFE
MILK_0160,2026-09-04T10:00:00,221,7.16,7.13,5.1,9.74,0.96,198,45,37,3,1582.75,-0.1878,21.13,CAUTION
MILK_0161,2026-08-17T08:00:00,387,8.09,7.02,3.63,10.6,1.04,325,73,58,3,2724.35,0.2335,0.0,UNSAFE
MILK_0162,2026-09-08T14:00:00,220,5.66,4.68,1.45,8.2,1.37,38,3,3,1,1034.34,0.0909,95.11,SAFE
MILK_0163,2026-09-11T23:00:00,386,4.72,4.01,2.28,5.86,0.53,0,0,0,0,1552.0,0.1285,0.0,UNSAFE
MILK_0164,2026-09-01T09:00:00,146,3.9,3.98,2.87,5.26,0.53,0,0,0,0,584.73,-0.1542,189.11,SAFE
MILK_0165,2026-08-09T15:00:00,65,4.89,3.95,3.01,4.89,0.47,0,0,0,0,260.39,0.2138,270.31,SAFE
MILK_0166,2026-08-23T11:00:00,250,4.21,3.98,2.66,6.15,0.51,1,0,0,0,999.66,0.0676,85.08,SAFE
MILK_0167,2026-08-18T11:00:00,245,5.46,6.91,3.78,9.52,0.95,203,32,29,2,1700.7,-0.099,0.0,UNSAFE
MILK_0168,2026-08-17T15:00:00,126,3.84,4.23,0.93,8.07,1.46,15,1,1,1,537.31,0.4823,204.04,SAFE
MILK_0169,2026-08-22T11:00:00,347,4.54,3.99,2.55,5.57,0.52,0,0,0,0,1389.45,0.0574,0.0,UNSAFE
MILK_0170,2026-08-14T22:00:00,178,3.91,4.5,2.59,17.86,2.41,9,9,1,9,805.24,0.1775,136.88,SAFE
MILK_0171,2026-08-11T05:00:00,189,3.82,4.35,0.5,7.67,1.55,28,0,0,0,826.11,0.7456,135.74,SAFE
MILK_0172,2026-08-30T14:00:00,214,3.36,3.97,2.69,5.2,0.47,0,0,0,0,853.85,-0.1139,121.39,SAFE
MILK_0173,2026-08-30T04:00:00,179,3.56,4.04,2.52,5.25,0.51,0,0,0,0,727.03,0.1614,154.94,SAFE
MILK_0174,2026-09-02T21:00:00,69,6.5,6.91,4.1,9.34,1.01,57,11,10,2,483.53,0.4325,239.06,SAFE
MILK_0175,2026-09-02T13:00:00,101,7.16,7.01,4.52,9.45,0.86,91,11,10,2,715.25,0.2603,193.35,SAFE
MILK_0176,2026-08-20T13:00:00,29,3.68,6.75,2.99,18.72,5.07,7,7,1,7,202.64,-0.0921,286.82,SAFE
MILK_0177,2026-08-30T10:00:00,383,2.47,4.56,0.76,9.03,1.52,76,2,2,1,1749.95,-0.2654,0.0,UNSAFE
MILK_0178,2026-09-05T03:00:00,233,5.73,4.39,0.5,8.5,1.48,34,3,3,1,1026.91,0.6924,88.53,SAFE
MILK_0179,2026-08-23T13:00:00,69,3.54,4.04,2.82,5.35,0.49,0,0,0,0,282.94,0.0655,265.57,SAFE
MILK_0180,2026-08-18T05:00:00,107,2.62,4.43,1.0,8.2,1.43,15,1,1,1,478.52,-0.3917,221.35,SAFE
MILK_0181,2026-08-24T13:00:00,372,3.61,4.5,0.5,8.77,1.44,59,2,2,1,1677.47,-0.1375,0.0,UNSAFE
MILK_0182,2026-08-25T12:00:00,276,4.45,4.23,2.89,15.51,1.32,5,5,1,5,1170.42,0.23,47.9,CAUTION
MILK_0183,2026-08-28T16:00:00,350,5.84,4.49,0.5,8.23,1.35,41,2,2,1,1574.5,0.6118,0.0,UNSAFE
MILK_0184,2026-09-13T03:00:00,329,3.82,3.94,2.47,5.36,0.51,0,0,0,0,1300.87,0.1585,7.58,CAUTION
MILK_0185,2026-08-14T22:00:00,73,3.77,3.93,2.98,5.21,0.42,0,0,0,0,290.72,-0.0756,262.5,SAFE
MILK_0186,2026-09-04T14:00:00,269,4.44,4.01,2.67,5.65,0.49,0,0,0,0,1081.63,0.0221,65.42,CAUTION
MILK_0187,2026-08-20T00:00:00,219,3.59,4.52,0.5,8.99,1.53,43,2,2,1,994.46,0.349,99.74,SAFE
MILK_0188,2026-08-26T18:00:00,366,3.32,4.25,2.65,18.42,1.81,7,7,1,7,1560.59,-0.0961,0.0,UNSAFE
MILK_0189,2026-08-14T15:00:00,225,3.96,3.99,2.79,5.55,0.5,0,0,0,0,902.69,-0.023,109.8,SAFE
MILK_0190,2026-09-06T08:00:00,356,3.91,3.99,2.75,5.22,0.5,0,0,0,0,1423.72,-0.0861,0.0,UNSAFE
MILK_0191,2026-09-06T18:00:00,325,4.79,4.57,0.5,8.78,1.44,57,3,3,1,1491.41,0.1345,0.0,UNSAFE
MILK_0192,2026-08-28T10:00:00,217,3.58,4.48,2.57,17.88,2.17,9,9,1,9,977.69,0.2461,96.34,SAFE
MILK_0193,2026-08-07T21:00:00,156,7.01,7.06,4.11,9.65,1.01,131,24,21,2,1108.46,-0.0041,114.9,SAFE
MILK_0194,2026-08-20T07:00:00,306,4.93,4.53,0.67,7.93,1.38,46,0,0,0,1389.57,0.1543,6.98,CAUTION
MILK_0195,2026-08-28T02:00:00,174,5.62,7.06,4.89,9.78,0.97,151,34,33,2,1235.18,-0.5092,89.71,SAFE
MILK_0196,2026-08-25T10:00:00,236,6.1,4.51,0.5,8.27,1.51,40,1,1,1,1069.44,-0.2199,81.82,SAFE
MILK_0197,2026-09-02T13:00:00,271,3.18,4.44,1.02,9.01,1.44,41,1,1,1,1207.34,-0.3645,46.96,CAUTION
MILK_0198,2026-08-20T23:00:00,96,3.56,4.02,2.81,5.74,0.5,0,0,0,0,389.72,0.0704,238.66,SAFE
MILK_0199,2026-08-28T13:00:00,155,4.7,4.55,0.5,8.09,1.45,28,1,1,1,709.42,-0.544,168.23,SAFE
MILK_0200,2026-08-31T19:00:00,334,6.35,4.56,0.5,8.62,1.49,60,2,2,1,1526.6,0.4674,0.0,UNSAFE
MILK_0201,2026-08-22T19:00:00,57,4.0,5.55,2.5,17.53,3.77,8,8,1,8,321.68,-0.0,258.99,SAFE
MILK_0202,2026-08-14T22:00:00,111,3.61,3.92,2.5,5.19,0.5,0,0,0,0,439.46,-0.044,224.77,SAFE
MILK_0203,2026-08-06T09:00:00,33,4.25,4.57,1.9,6.66,1.3,5,0,0,0,155.38,0.1953,299.44,SAFE
MILK_0204,2026-08-22T01:00:00,322,3.62,4.02,2.51,5.43,0.51,0,0,0,0,1297.65,0.0068,11.86,CAUTION
MILK_0205,2026-09-07T05:00:00,243,7.62,4.58,0.5,8.41,1.5,42,2,2,1,1116.63,0.369,72.55,SAFE
MILK_0206,2026-08-27T12:00:00,304,3.95,4.02,2.67,5.32,0.5,0,0,0,0,1226.75,-0.0519,29.79,CAUTION
MILK_0207,2026-08-23T04:00:00,366,6.07,4.51,0.5,9.2,1.53,59,3,3,1,1656.71,0.1896,0.0,UNSAFE
MILK_0208,2026-08-22T13:00:00,214,8.54,6.92,3.73,9.46,1.06,176,37,30,5,1487.82,0.0591,37.67,CAUTION
MILK_0209,2026-08-22T13:00:00,345,4.55,4.51,0.5,9.33,1.44,46,3,3,1,1559.96,0.5358,0.0,UNSAFE
MILK_0210,2026-09-08T10:00:00,394,3.75,4.51,0.5,8.0,1.48,69,1,1,1,1782.78,-0.3166,0.0,UNSAFE
MILK_0211,2026-09-06T14:00:00,227,6.82,4.55,0.76,8.41,1.32,26,2,2,1,1036.54,0.3747,91.36,SAFE
MILK_0212,2026-08-23T11:00:00,366,3.38,4.03,2.45,5.31,0.51,0,0,0,0,1480.84,0.1231,0.0,UNSAFE
MILK_0213,2026-08-19T01:00:00,35,4.02,4.0,3.35,5.12,0.39,0,0,0,0,143.92,0.0923,299.98,SAFE
MILK_0214,2026-08-21T07:00:00,72,4.13,3.93,2.44,4.9,0.52,0,0,0,0,287.02,0.148,263.43,SAFE
MILK_0215,2026-08-25T11:00:00,247,6.64,4.57,0.5,8.93,1.51,39,7,6,2,1132.67,0.3125,68.35,CAUTION
MILK_0216,2026-09-04T00:00:00,296,4.53,4.0,2.39,5.33,0.51,0,0,0,0,1188.48,0.0494,38.48,CAUTION
MILK_0217,2026-09-05T22:00:00,396,4.98,4.5,0.5,8.22,1.54,67,5,5,1,1787.89,-0.2215,0.0,UNSAFE
MILK_0218,2026-09-12T01:00:00,323,4.08,4.0,2.63,5.22,0.48,0,0,0,0,1297.04,-0.0417,11.44,CAUTION
MILK_0219,2026-09-08T03:00:00,268,7.34,4.47,0.5,8.65,1.52,41,2,2,1,1203.45,0.9055,48.7,CAUTION
MILK_0220,2026-08-24T15:00:00,238,8.83,12.28,4.41,21.59,3.15,237,223,17,54,2935.53,-1.8363,0.0,UNSAFE
MILK_0221,2026-09-14T11:00:00,390,4.18,4.41,0.5,9.28,1.5,49,4,4,1,1724.95,0.459,0.0,UNSAFE
MILK_0222,2026-09-07T15:00:00,240,4.68,3.92,2.73,5.35,0.47,0,0,0,0,944.16,0.0975,96.85,SAFE
MILK_0223,2026-08-23T07:00:00,336,7.91,12.29,3.96,20.87,3.03,333,311,24,38,4140.82,0.914,0.0,UNSAFE
MILK_0224,2026-08-20T10:00:00,258,4.74,4.44,0.86,9.26,1.49,35,4,4,1,1148.84,0.2949,60.61,CAUTION
MILK_0225,2026-08-27T13:00:00,150,3.85,4.21,0.56,7.65,1.48,18,0,0,0,635.47,0.3152,179.44,SAFE
MILK_0226,2026-08-30T17:00:00,375,1.75,4.37,0.5,8.64,1.47,45,2,2,1,1642.66,-0.6329,0.0,UNSAFE
MILK_0227,2026-08-16T12:00:00,149,5.03,4.47,1.04,9.1,1.52,25,2,2,1,670.97,0.5022,175.74,SAFE
MILK_0228,2026-08-23T08:00:00,286,3.92,4.03,2.66,5.32,0.48,0,0,0,0,1155.38,-0.1008,47.79,CAUTION
MILK_0229,2026-08-06T19:00:00,87,3.44,3.97,2.77,5.39,0.51,0,0,0,0,349.15,-0.003,248.17,SAFE
MILK_0230,2026-08-23T17:00:00,365,4.28,4.06,2.67,5.31,0.46,0,0,0,0,1485.98,-0.1014,0.0,UNSAFE
MILK_0231,2026-08-10T21:00:00,119,3.49,4.04,2.8,5.16,0.47,0,0,0,0,484.39,0.0078,215.36,SAFE
MILK_0232,2026-08-12T15:00:00,218,4.19,4.0,2.4,5.26,0.5,0,0,0,0,876.82,0.1587,116.58,SAFE
MILK_0233,2026-08-22T01:00:00,248,3.38,4.09,2.46,15.15,1.21,3,3,1,3,1019.15,-0.2576,81.28,SAFE
MILK_0234,2026-08-16T06:00:00,209,3.95,3.97,2.37,5.16,0.47,0,0,0,0,833.39,0.0051,126.45,SAFE
MILK_0235,2026-09-14T00:00:00,366,4.43,4.51,0.5,9.6,1.52,55,4,4,1,1655.63,0.2822,0.0,UNSAFE
MILK_0236,2026-08-10T06:00:00,204,4.04,4.14,2.85,15.82,1.4,3,3,1,3,849.21,0.092,124.09,SAFE
MILK_0237,2026-09-07T05:00:00,162,3.8,4.01,2.7,5.2,0.48,0,0,0,0,653.4,0.1089,172.62,SAFE
MILK_0238,2026-09-03T20:00:00,224,4.28,4.7,0.5,8.23,1.5,38,2,2,1,1058.25,0.0679,89.6,SAFE
MILK_0239,2026-09-04T01:00:00,386,5.58,4.47,0.5,8.49,1.44,56,5,4,2,1731.57,-0.3889,0.0,UNSAFE
MILK_0240,2026-08-23T21:00:00,122,2.85,4.02,2.68,5.29,0.47,0,0,0,0,494.37,-0.4566,212.57,SAFE
MILK_0241,2026-08-22T12:00:00,149,6.62,4.46,0.5,8.42,1.51,25,2,2,1,669.72,0.2736,175.95,SAFE
MILK_0242,2026-08-15T15:00:00,24,3.41,3.92,2.98,4.99,0.57,0,0,0,0,98.06,-0.2113,311.16,SAFE
MILK_0243,2026-08-28T02:00:00,352,2.6,4.52,0.62,8.92,1.44,60,3,3,1,1595.03,-0.6319,0.0,UNSAFE
MILK_0244,2026-09-07T08:00:00,380,3.87,4.03,2.36,5.36,0.49,0,0,0,0,1534.82,-0.2186,0.0,UNSAFE
MILK_0245,2026-08-09T17:00:00,75,2.64,4.56,1.21,8.22,1.37,11,1,1,1,346.49,0.1174,254.25,SAFE
MILK_0246,2026-08-21T16:00:00,23,4.81,7.08,2.96,19.27,5.1,7,7,1,7,169.92,0.4292,295.59,SAFE
MILK_0247,2026-08-20T20:00:00,23,1.45,4.43,1.39,7.46,1.71,6,0,0,0,106.42,-0.7621,310.38,SAFE
MILK_0248,2026-08-13T09:00:00,229,1.09,4.42,0.5,9.12,1.49,34,2,2,1,1016.31,-1.2068,91.92,SAFE
MILK_0249,2026-08-09T21:00:00,103,7.98,7.05,3.58,9.46,1.24,84,27,19,4,733.11,0.798,189.29,SAFE
MILK_0250,2026-08-10T20:00:00,204,3.86,4.5,0.59,8.19,1.49,33,4,4,1,921.7,-0.144,116.58,SAFE
MILK_0251,2026-08-21T08:00:00,242,5.59,4.52,0.5,8.62,1.59,47,2,2,1,1097.99,0.2855,74.78,SAFE
MILK_0252,2026-08-28T01:00:00,399,5.61,4.48,0.5,8.97,1.52,62,7,6,2,1792.33,0.536,0.0,UNSAFE
MILK_0253,2026-09-04T20:00:00,152,3.89,4.47,0.5,8.04,1.51,19,1,1,1,683.59,0.3059,172.7,SAFE
MILK_0254,2026-08-31T08:00:00,139,3.96,4.45,2.86,17.32,2.21,6,6,1,6,623.42,-0.237,182.33,SAFE
MILK_0255,2026-08-13T21:00:00,286,6.25,4.54,0.5,9.18,1.49,46,2,2,1,1303.49,0.1598,27.28,CAUTION
MILK_0256,2026-08-07T15:00:00,124,3.75,4.22,2.73,15.32,1.78,3,3,1,3,527.36,0.0631,204.3,SAFE
MILK_0257,2026-08-27T02:00:00,30,5.79,4.94,1.46,7.56,1.48,7,0,0,0,153.2,0.2632,301.17,SAFE
MILK_0258,2026-08-30T16:00:00,136,3.56,4.06,2.82,5.52,0.53,0,0,0,0,556.79,-0.1979,197.8,SAFE
MILK_0259,2026-08-20T16:00:00,328,2.21,4.65,0.5,9.25,1.51,56,4,4,1,1530.19,-0.2705,0.0,UNSAFE
MILK_0260,2026-08-08T09:00:00,74,7.17,6.89,4.66,9.3,0.87,63,6,6,1,517.02,0.0714,232.46,SAFE
MILK_0261,2026-08-19T17:00:00,68,5.1,4.09,0.66,7.56,1.44,6,0,0,0,282.42,0.8563,265.42,SAFE
MILK_0262,2026-08-29T14:00:00,248,3.9,3.94,2.64,5.09,0.49,0,0,0,0,981.29,-0.0031,88.26,SAFE
MILK_0263,2026-08-31T14:00:00,198,4.05,4.02,2.8,5.41,0.51,0,0,0,0,799.42,-0.0002,136.31,SAFE
MILK_0264,2026-08-20T03:00:00,320,3.86,3.98,2.54,5.37,0.52,0,0,0,0,1276.57,-0.0877,15.29,CAUTION
MILK_0265,2026-09-16T16:00:00,377,2.94,4.48,0.76,9.35,1.53,55,3,3,1,1691.68,-0.8324,0.0,UNSAFE
MILK_0266,2026-08-11T06:00:00,169,3.65,3.97,2.5,4.92,0.48,0,0,0,0,674.08,-0.0948,166.41,SAFE
MILK_0267,2026-08-05T17:00:00,23,3.95,4.72,2.64,7.56,1.09,3,0,0,0,113.31,-0.1524,309.83,SAFE
MILK_0268,2026-09-12T01:00:00,304,7.43,6.94,4.0,9.82,1.05,252,42,37,3,2115.81,0.1359,0.0,UNSAFE
MILK_0269,2026-08-31T09:00:00,213,9.21,11.87,2.02,19.81,3.35,206,190,25,26,2540.1,0.0356,0.0,UNSAFE
MILK_0270,2026-09-05T13:00:00,111,3.86,4.04,2.97,5.37,0.49,0,0,0,0,452.89,0.2193,223.3,SAFE
MILK_0271,2026-08-18T21:00:00,363,4.34,4.44,0.5,8.15,1.48,52,2,2,1,1614.55,-0.1111,0.0,UNSAFE
MILK_0272,2026-09-02T10:00:00,134,7.69,7.01,4.08,9.47,0.93,118,16,13,4,946.17,0.0189,147.16,SAFE
MILK_0273,2026-08-11T18:00:00,164,4.78,4.06,2.85,5.43,0.48,0,0,0,0,670.02,-0.0036,169.66,SAFE
MILK_0274,2026-09-11T02:00:00,317,7.29,6.98,3.6,10.21,1.1,255,56,48,3,2220.77,-0.0048,0.0,UNSAFE
MILK_0275,2026-09-07T14:00:00,299,4.75,4.01,2.84,5.41,0.49,0,0,0,0,1203.15,-0.0092,35.23,CAUTION
MILK_0276,2026-09-02T20:00:00,187,2.23,4.42,0.5,8.2,1.52,28,2,2,1,830.81,-0.1049,136.37,SAFE
MILK_0277,2026-09-02T01:00:00,348,4.79,4.44,0.52,8.54,1.54,58,2,2,1,1548.22,0.091,0.0,UNSAFE
MILK_0278,2026-08-23T07:00:00,269,6.44,4.54,0.5,9.55,1.52,41,3,3,1,1226.99,0.5878,45.35,CAUTION
MILK_0279,2026-08-22T02:00:00,16,12.63,11.75,4.7,18.55,3.27,16,15,3,13,199.71,-0.2517,293.49,SAFE
MILK_0280,2026-09-08T09:00:00,260,4.28,4.0,2.47,5.26,0.51,0,0,0,0,1042.78,0.0529,74.72,SAFE
MILK_0281,2026-08-12T16:00:00,195,4.0,4.59,0.5,8.6,1.51,34,3,3,1,899.22,0.558,124.06,SAFE
MILK_0282,2026-09-06T02:00:00,372,4.46,4.7,0.73,9.41,1.5,76,6,6,1,1753.73,0.0868,0.0,UNSAFE
MILK_0283,2026-08-09T17:00:00,100,7.06,6.97,4.95,9.37,0.91,87,13,12,2,704.26,0.3131,195.29,SAFE
MILK_0284,2026-09-07T23:00:00,343,5.36,4.49,0.57,9.27,1.51,48,3,3,1,1544.34,0.0127,0.0,UNSAFE
MILK_0285,2026-08-21T16:00:00,285,5.32,4.46,0.5,8.58,1.53,49,2,2,1,1276.64,0.0106,30.73,CAUTION
MILK_0286,2026-09-04T23:00:00,248,5.17,4.56,0.5,9.68,1.5,41,3,3,1,1135.32,0.0946,67.54,CAUTION
MILK_0287,2026-08-28T00:00:00,313,4.37,4.17,2.58,14.22,1.29,5,5,1,5,1308.16,0.0527,11.8,CAUTION
MILK_0288,2026-08-30T13:00:00,54,3.19,3.97,3.12,5.29,0.46,0,0,0,0,218.11,-0.12,281.14,SAFE
MILK_0289,2026-08-15T04:00:00,134,4.33,4.53,1.19,8.67,1.52,22,1,1,1,611.55,0.1783,190.88,SAFE
MILK_0290,2026-09-07T03:00:00,301,4.39,4.04,2.53,5.93,0.53,0,0,0,0,1221.48,-0.1078,32.01,CAUTION
MILK_0291,2026-08-29T09:00:00,204,3.4,4.66,0.5,9.66,1.68,48,3,3,1,955.33,0.4729,111.8,SAFE
MILK_0292,2026-08-21T23:00:00,263,3.67,4.06,2.49,5.2,0.5,0,0,0,0,1070.79,-0.1016,69.97,CAUTION
MILK_0293,2026-09-01T17:00:00,103,3.8,3.97,2.76,5.09,0.52,0,0,0,0,412.6,-0.0012,232.21,SAFE
MILK_0294,2026-08-24T05:00:00,191,5.07,4.35,0.9,7.95,1.52,31,0,0,0,835.95,-0.2394,133.59,SAFE
MILK_0295,2026-09-03T00:00:00,184,5.55,4.46,0.65,8.79,1.5,28,3,3,1,825.24,0.032,138.7,SAFE
MILK_0296,2026-08-25T04:00:00,369,4.85,4.48,0.5,8.44,1.44,52,4,4,1,1659.45,-0.3411,0.0,UNSAFE
MILK_0297,2026-09-10T14:00:00,294,6.8,4.38,0.5,8.08,1.5,38,1,1,1,1292.32,-0.011,24.25,CAUTION
MILK_0298,2026-08-06T03:00:00,107,4.01,4.05,3.05,5.12,0.43,0,0,0,0,436.96,-0.021,227.33,SAFE
MILK_0299,2026-08-19T01:00:00,378,5.69,4.61,0.5,9.74,1.5,64,4,4,1,1746.92,-0.1569,0.0,UNSAFE
MILK_0300,2026-08-26T21:00:00,294,4.24,4.04,2.55,5.42,0.49,0,0,0,0,1191.88,-0.0989,39.27,CAUTION
MILK_0301,2026-09-09T10:00:00,363,4.46,4.0,2.65,5.48,0.5,0,0,0,0,1457.26,0.2356,0.0,UNSAFE
MILK_0302,2026-09-01T10:00:00,374,4.88,4.17,2.36,14.88,1.29,6,6,1,6,1563.24,0.2109,0.0,UNSAFE
MILK_0303,2026-08-28T09:00:00,57,5.69,7.0,5.11,9.24,0.91,49,9,8,2,405.89,-0.6814,254.96,SAFE
MILK_0304,2026-08-19T08:00:00,217,2.9,4.48,0.95,8.47,1.5,32,2,2,1,976.41,-0.6643,103.08,SAFE
MILK_0305,2026-08-30T05:00:00,166,6.08,4.42,0.5,7.72,1.5,27,0,0,0,738.09,0.8231,158.73,SAFE
MILK_0306,2026-08-31T00:00:00,198,4.16,4.38,2.79,16.81,1.95,7,7,1,7,872.19,-0.1716,121.39,SAFE
MILK_0307,2026-08-26T22:00:00,227,4.21,4.46,1.07,8.04,1.45,36,1,1,1,1017.51,-0.5987,93.07,SAFE
MILK_0308,2026-09-01T04:00:00,179,5.94,7.1,4.33,9.2,0.93,155,25,20,2,1278.73,0.075,81.55,SAFE
MILK_0309,2026-08-23T00:00:00,242,4.01,4.5,0.5,8.83,1.53,43,4,4,1,1093.02,-0.37,75.63,SAFE
MILK_0310,2026-08-15T03:00:00,138,4.76,4.48,0.5,8.46,1.53,23,1,1,1,623.39,0.498,187.32,SAFE
MILK_0311,2026-08-23T22:00:00,379,2.27,4.47,0.71,9.25,1.52,62,3,3,1,1699.93,-0.2395,0.0,UNSAFE
MILK_0312,2026-08-10T09:00:00,71,5.62,4.31,0.51,7.35,1.45,10,0,0,0,310.6,0.3805,260.52,SAFE
MILK_0313,2026-09-10T09:00:00,400,4.25,4.0,2.45,5.58,0.49,0,0,0,0,1603.29,0.1608,0.0,UNSAFE
MILK_0314,2026-08-27T17:00:00,108,4.61,4.6,1.24,10.07,1.34,16,3,3,1,501.31,-0.0342,218.26,SAFE
MILK_0315,2026-08-18T16:00:00,257,6.38,7.01,3.97,9.67,0.95,226,40,33,3,1808.79,0.2379,0.0,UNSAFE
MILK_0316,2026-08-22T22:00:00,311,4.97,4.0,2.67,5.51,0.52,0,0,0,0,1247.65,0.2672,23.54,CAUTION
MILK_0317,2026-09-07T19:00:00,315,3.43,4.11,2.46,15.91,1.25,3,3,1,3,1297.99,-0.1931,11.68,CAUTION
MILK_0318,2026-09-02T23:00:00,161,3.29,3.96,2.81,5.26,0.46,0,0,0,0,641.87,-0.2109,174.47,SAFE
MILK_0319,2026-08-12T16:00:00,101,5.07,4.32,2.82,15.69,1.84,3,3,1,3,440.66,0.4108,227.18,SAFE
MILK_0320,2026-08-26T19:00:00,74,4.43,3.99,2.87,5.19,0.43,0,0,0,0,299.3,0.1478,260.99,SAFE
MILK_0321,2026-08-10T14:00:00,37,4.33,5.31,2.81,17.18,3.77,5,5,1,5,201.66,0.3478,286.82,SAFE
MILK_0322,2026-09-06T04:00:00,336,4.99,3.98,2.59,5.27,0.51,0,0,0,0,1342.12,0.2124,0.0,UNSAFE
MILK_0323,2026-08-31T05:00:00,62,6.38,6.84,4.93,9.15,1.07,48,8,8,1,430.96,-0.2071,249.33,SAFE
MILK_0324,2026-09-09T15:00:00,303,5.62,4.56,1.49,9.07,1.5,58,3,3,1,1387.32,0.5983,8.15,CAUTION
MILK_0325,2026-08-21T06:00:00,255,4.22,4.04,2.74,5.77,0.5,0,0,0,0,1033.18,-0.0374,78.6,SAFE
MILK_0326,2026-08-19T18:00:00,104,10.52,11.8,4.17,19.94,2.87,103,95,10,21,1238.55,0.6064,76.07,SAFE
MILK_0327,2026-09-05T20:00:00,139,3.51,3.97,2.54,5.19,0.51,0,0,0,0,555.87,0.023,196.24,SAFE
MILK_0328,2026-09-03T11:00:00,68,3.95,4.02,2.94,5.05,0.48,0,0,0,0,277.69,-0.2994,266.72,SAFE
MILK_0329,2026-09-05T01:00:00,215,3.92,4.45,0.5,9.02,1.44,32,3,3,1,961.6,0.3697,106.13,SAFE
MILK_0330,2026-08-28T19:00:00,305,4.51,4.19,2.78,18.09,1.36,4,4,1,4,1282.22,0.1766,18.25,CAUTION
MILK_0331,2026-08-12T15:00:00,165,3.72,4.2,2.66,16.8,1.66,4,4,1,4,697.17,-0.1356,162.13,SAFE
MILK_0332,2026-08-14T00:00:00,223,8.38,11.83,3.47,19.5,3.03,216,203,20,46,2650.91,-0.9223,0.0,UNSAFE
MILK_0333,2026-09-03T09:00:00,326,4.11,4.01,2.66,5.22,0.5,0,0,0,0,1310.48,-0.1243,8.24,CAUTION
MILK_0334,2026-08-17T04:00:00,204,6.82,6.98,4.61,10.48,1.04,163,33,29,3,1430.31,0.1542,49.82,CAUTION
MILK_0335,2026-08-22T08:00:00,162,4.52,4.31,2.84,16.05,1.84,6,6,1,6,702.24,-1.9716,162.39,SAFE
MILK_0336,2026-08-24T09:00:00,327,13.16,11.96,1.4,20.7,2.83,322,307,22,63,3921.91,0.1244,0.0,UNSAFE
MILK_0337,2026-08-18T23:00:00,388,2.79,4.04,2.72,5.47,0.49,0,0,0,0,1573.43,-0.2785,0.0,UNSAFE
MILK_0338,2026-08-18T00:00:00,330,4.53,4.01,2.43,5.34,0.5,0,0,0,0,1327.22,0.3533,4.14,CAUTION
MILK_0339,2026-08-21T20:00:00,348,3.68,4.2,2.6,16.63,1.32,4,4,1,4,1464.25,0.0276,0.0,UNSAFE
MILK_0340,2026-08-20T09:00:00,292,4.26,4.51,1.03,7.95,1.44,37,0,0,0,1320.28,0.0628,22.39,CAUTION
MILK_0341,2026-08-03T16:00:00,11,3.13,3.84,3.13,4.81,0.47,0,0,0,0,46.1,-0.1451,324.19,SAFE
MILK_0342,2026-08-29T16:00:00,362,5.71,4.56,0.5,8.57,1.51,63,5,5,1,1654.06,-0.1771,0.0,UNSAFE
MILK_0343,2026-08-27T06:00:00,159,3.87,4.26,0.5,8.1,1.43,19,1,1,1,681.28,-0.4989,169.32,SAFE
MILK_0344,2026-08-08T20:00:00,157,4.8,4.02,2.7,5.19,0.48,0,0,0,0,635.78,0.1966,177.36,SAFE
MILK_0345,2026-09-07T18:00:00,369,4.41,4.5,0.5,8.7,1.55,67,4,4,1,1663.64,-0.2097,0.0,UNSAFE
MILK_0346,2026-08-30T12:00:00,46,4.7,4.63,0.5,7.48,1.48,9,0,0,0,217.79,-0.2951,284.95,SAFE
MILK_0347,2026-08-28T08:00:00,145,3.38,4.49,0.71,7.79,1.52,22,0,0,0,655.21,-0.3387,179.82,SAFE
MILK_0348,2026-09-08T19:00:00,311,4.26,4.17,2.56,15.41,1.5,7,6,1,6,1302.37,0.1329,11.81,CAUTION
MILK_0349,2026-08-09T22:00:00,125,3.73,4.0,2.76,5.56,0.47,0,0,0,0,503.38,-0.0449,209.9,SAFE
MILK_0350,2026-08-27T06:00:00,146,5.44,4.35,0.5,9.89,1.39,14,1,1,1,640.1,0.5869,181.35,SAFE
MILK_0351,2026-08-29T02:00:00,46,4.18,3.97,3.31,5.08,0.41,0,0,0,0,186.73,0.1717,289.09,SAFE
MILK_0352,2026-08-09T04:00:00,167,7.89,4.46,0.5,8.33,1.46,25,1,1,1,749.02,0.5397,157.03,SAFE
MILK_0353,2026-09-02T12:00:00,301,3.12,4.41,0.5,8.31,1.54,45,2,2,1,1332.29,0.2092,15.52,CAUTION
MILK_0354,2026-09-09T03:00:00,234,4.79,4.31,2.54,17.73,1.92,6,6,1,6,1012.16,0.0489,84.45,SAFE
MILK_0355,2026-09-07T17:00:00,368,3.72,4.62,0.5,9.28,1.52,62,5,5,1,1703.29,-0.0788,0.0,UNSAFE
MILK_0356,2026-08-24T10:00:00,266,2.22,4.46,0.5,8.31,1.52,43,2,2,1,1190.63,-0.6233,51.28,CAUTION
MILK_0357,2026-08-28T09:00:00,234,3.5,4.28,2.54,15.9,1.8,7,7,1,7,1005.23,-0.1337,86.82,SAFE
MILK_0358,2026-08-18T15:00:00,386,3.04,4.42,0.5,9.02,1.49,53,4,4,1,1710.08,0.4673,0.0,UNSAFE
MILK_0359,2026-08-17T13:00:00,138,3.57,4.28,0.5,8.61,1.59,22,2,2,1,595.38,0.2351,190.38,SAFE
MILK_0360,2026-08-06T09:00:00,127,3.49,3.98,2.24,5.23,0.51,0,0,0,0,509.45,-0.0828,208.08,SAFE
MILK_0361,2026-09-13T13:00:00,304,3.59,4.0,2.79,5.2,0.51,0,0,0,0,1218.71,-0.1844,30.66,CAUTION
MILK_0362,2026-09-02T18:00:00,354,6.48,7.08,4.5,10.79,1.0,302,61,52,2,2514.08,-0.2696,0.0,UNSAFE
MILK_0363,2026-09-09T01:00:00,305,2.54,4.47,0.56,8.69,1.41,42,1,1,1,1368.84,-0.2589,9.8,CAUTION
MILK_0364,2026-08-12T15:00:00,250,5.9,4.32,0.5,8.47,1.55,34,3,3,1,1085.09,0.1028,72.1,SAFE
MILK_0365,2026-08-27T16:00:00,236,5.02,4.04,2.72,5.8,0.53,0,0,0,0,957.8,0.0688,97.52,SAFE
MILK_0366,2026-09-03T14:00:00,102,6.54,4.75,1.08,9.29,1.57,22,3,3,1,489.19,0.1683,222.46,SAFE
MILK_0367,2026-09-02T12:00:00,335,3.62,4.48,0.5,9.11,1.54,55,4,4,1,1504.57,-0.2521,0.0,UNSAFE
MILK_0368,2026-08-29T23:00:00,56,4.68,3.94,2.08,5.13,0.59,0,0,0,0,224.37,0.3936,279.28,SAFE
MILK_0369,2026-08-25T14:00:00,219,9.25,7.09,4.67,9.68,1.03,187,42,37,2,1559.82,0.6767,25.1,CAUTION
MILK_0370,2026-08-26T03:00:00,353,7.17,4.58,0.61,8.74,1.5,68,4,4,1,1620.06,0.5786,0.0,UNSAFE
MILK_0371,2026-08-11T15:00:00,178,5.0,4.46,0.69,8.2,1.49,25,1,1,1,798.93,-0.9592,145.08,SAFE
MILK_0372,2026-08-25T21:00:00,263,3.51,4.25,2.04,17.17,1.97,8,8,1,8,1123.31,0.0324,54.95,CAUTION
MILK_0373,2026-09-17T03:00:00,399,3.3,4.0,2.72,5.3,0.5,0,0,0,0,1600.13,-0.038,0.0,UNSAFE
MILK_0374,2026-08-28T03:00:00,242,2.76,4.6,0.5,9.83,1.52,36,3,3,1,1117.05,0.0947,72.88,SAFE
MILK_0375,2026-08-09T05:00:00,139,4.48,4.59,0.93,7.91,1.44,28,0,0,0,642.42,0.2001,184.77,SAFE
MILK_0376,2026-08-20T03:00:00,216,4.6,4.05,2.52,5.2,0.47,0,0,0,0,878.41,-0.0856,117.56,SAFE
MILK_0377,2026-08-29T02:00:00,10,4.71,3.91,2.73,4.71,0.49,0,0,0,0,43.0,0.2847,325.09,SAFE
MILK_0378,2026-09-01T23:00:00,246,17.89,11.98,4.78,20.24,3.01,241,226,19,25,2960.18,1.2375,0.0,UNSAFE
MILK_0379,2026-08-18T11:00:00,106,3.38,4.0,2.56,5.2,0.55,0,0,0,0,427.51,-0.0289,228.86,SAFE
MILK_0380,2026-08-31T03:00:00,328,3.68,3.98,2.26,5.62,0.52,0,0,0,0,1310.43,-0.1388,7.07,CAUTION
MILK_0381,2026-09-08T09:00:00,330,6.19,4.48,0.71,8.17,1.47,50,2,2,1,1483.39,0.7018,0.0,UNSAFE
MILK_0382,2026-08-19T19:00:00,114,4.15,4.04,2.66,5.05,0.45,0,0,0,0,464.31,-0.0685,220.38,SAFE
MILK_0383,2026-08-12T22:00:00,77,4.12,4.0,2.74,5.08,0.5,0,0,0,0,311.78,-0.1404,257.91,SAFE
MILK_0384,2026-09-09T03:00:00,234,3.57,4.59,1.38,8.29,1.3,30,2,2,1,1078.73,-0.6484,82.66,SAFE
MILK_0385,2026-09-09T16:00:00,258,3.82,4.07,2.64,19.35,1.29,3,3,1,3,1053.97,-0.078,70.75,CAUTION
MILK_0386,2026-08-27T07:00:00,132,13.15,12.21,4.66,21.16,3.3,128,116,16,18,1623.76,1.214,0.0,UNSAFE
MILK_0387,2026-08-30T06:00:00,169,4.87,4.53,0.5,8.84,1.61,30,3,3,1,770.19,0.4294,152.96,SAFE
MILK_0388,2026-08-30T04:00:00,292,2.36,4.34,0.5,8.03,1.62,51,1,1,1,1271.67,-0.1399,27.01,CAUTION
MILK_0389,2026-08-19T07:00:00,125,4.74,3.95,2.43,5.69,0.56,0,0,0,0,497.87,0.2343,210.43,SAFE
MILK_0390,2026-09-06T09:00:00,246,3.73,4.04,2.81,5.5,0.52,0,0,0,0,997.21,0.2771,87.58,SAFE
MILK_0391,2026-09-14T08:00:00,341,3.63,4.64,0.5,8.96,1.53,63,5,5,1,1586.51,-0.4088,0.0,UNSAFE
MILK_0392,2026-09-07T05:00:00,265,5.9,4.4,0.5,8.56,1.57,42,3,3,1,1170.72,-0.0477,53.83,CAUTION
MILK_0393,2026-09-06T13:00:00,159,7.95,7.0,4.2,9.55,0.98,134,25,21,2,1119.64,0.4996,112.3,SAFE
MILK_0394,2026-08-24T03:00:00,149,6.39,4.52,0.5,9.05,1.54,21,1,1,1,677.95,0.2747,174.93,SAFE
MILK_0395,2026-08-25T02:00:00,251,15.72,12.04,4.23,21.92,3.0,250,229,20,29,3033.75,-0.281,0.0,UNSAFE
MILK_0396,2026-08-20T18:00:00,292,6.5,7.0,3.82,9.75,0.99,246,50,41,4,2051.94,0.1358,0.0,UNSAFE
MILK_0397,2026-08-09T23:00:00,107,3.28,4.41,0.64,7.78,1.47,15,0,0,0,475.94,-0.1186,221.59,SAFE
MILK_0398,2026-09-11T01:00:00,270,2.98,4.42,0.5,8.59,1.39,34,2,2,1,1198.97,-0.1454,48.74,CAUTION
MILK_0399,2026-08-26T01:00:00,45,13.83,12.03,5.31,18.93,3.13,45,41,4,25,553.5,-0.0139,218.07,SAFE
MILK_0400,2026-08-17T05:00:00,184,3.92,3.97,2.61,5.16,0.48,0,0,0,0,735.27,0.1836,151.26,SAFE
MILK_0401,2026-09-05T18:00:00,146,4.58,4.48,0.5,8.18,1.43,21,1,1,1,658.65,-0.4013,179.11,SAFE
MILK_0402,2026-09-02T10:00:00,154,5.12,4.64,0.6,8.43,1.56,29,2,2,1,719.61,0.3892,167.18,SAFE
MILK_0403,2026-09-06T07:00:00,310,4.46,4.34,2.69,16.49,1.8,8,8,1,8,1350.54,-3.3719,3.66,CAUTION
MILK_0404,2026-08-26T02:00:00,238,4.51,4.0,2.54,5.25,0.49,0,0,0,0,956.0,-0.0094,96.66,SAFE
MILK_0405,2026-08-26T09:00:00,186,4.14,3.99,2.67,5.28,0.48,0,0,0,0,745.56,0.0505,149.0,SAFE
MILK_0406,2026-08-28T09:00:00,400,4.07,4.18,2.4,17.74,1.49,6,6,1,6,1677.97,0.0489,0.0,UNSAFE
MILK_0407,2026-08-19T20:00:00,106,2.97,4.44,2.97,17.92,2.09,4,4,1,4,475.09,-0.2548,219.19,SAFE
MILK_0408,2026-08-24T21:00:00,129,5.83,4.38,1.29,8.84,1.43,16,1,1,1,568.99,0.3019,198.81,SAFE
MILK_0409,2026-08-29T21:00:00,32,3.8,3.83,2.56,5.16,0.54,0,0,0,0,126.36,0.1443,303.56,SAFE
MILK_0410,2026-08-22T11:00:00,252,3.1,3.95,2.61,5.0,0.47,0,0,0,0,999.46,-0.2665,84.04,SAFE
MILK_0411,2026-09-01T03:00:00,207,6.54,4.54,0.5,8.49,1.43,30,2,2,1,943.29,0.0552,112.67,SAFE
MILK_0412,2026-08-26T11:00:00,87,4.6,3.97,2.59,5.01,0.48,0,0,0,0,349.08,0.2594,248.2,SAFE
MILK_0413,2026-08-19T03:00:00,74,3.64,4.03,3.12,5.1,0.42,0,0,0,0,302.36,-0.0526,260.66,SAFE
MILK_0414,2026-08-25T05:00:00,179,3.91,4.02,2.86,5.34,0.49,0,0,0,0,722.91,-0.128,155.42,SAFE
MILK_0415,2026-09-06T22:00:00,235,5.24,4.51,0.77,9.74,1.48,38,1,1,1,1065.5,0.5547,82.95,SAFE
MILK_0416,2026-08-14T19:00:00,243,3.38,4.52,0.5,9.22,1.52,43,3,3,1,1104.03,0.6786,73.89,SAFE
MILK_0417,2026-08-05T10:00:00,83,4.43,5.28,3.06,18.0,3.63,9,9,1,9,443.83,0.1854,227.9,SAFE
MILK_0418,2026-08-23T04:00:00,48,4.28,3.93,2.95,5.16,0.5,0,0,0,0,192.38,0.2099,287.32,SAFE
MILK_0419,2026-08-23T23:00:00,183,4.59,4.45,2.63,14.86,1.96,8,8,1,8,818.36,0.1624,136.46,SAFE
MILK_0420,2026-08-15T23:00:00,51,4.87,4.69,0.5,8.54,1.48,9,1,1,1,244.13,-0.4866,279.13,SAFE
MILK_0421,2026-09-12T05:00:00,355,3.9,3.99,2.56,5.86,0.53,0,0,0,0,1420.06,-0.1554,0.0,UNSAFE
MILK_0422,2026-09-06T05:00:00,204,3.62,4.71,0.56,9.69,1.56,42,4,4,1,966.05,-0.0311,111.01,SAFE
MILK_0423,2026-09-14T04:00:00,330,3.95,4.0,2.5,5.17,0.49,0,0,0,0,1323.74,0.0645,4.56,CAUTION
MILK_0424,2026-09-04T14:00:00,287,5.31,4.53,0.86,8.73,1.41,44,2,2,1,1303.26,0.2983,27.2,CAUTION
MILK_0425,2026-08-04T16:00:00,45,7.61,7.04,5.22,9.34,0.89,42,7,5,2,323.84,0.3292,271.45,SAFE
MILK_0426,2026-08-23T20:00:00,360,4.3,4.53,0.5,8.77,1.47,55,5,4,2,1636.22,0.3059,0.0,UNSAFE
MILK_0427,2026-09-04T15:00:00,126,5.22,4.49,0.5,8.4,1.55,22,1,1,1,570.61,-0.2081,199.98,SAFE
MILK_0428,2026-09-02T18:00:00,232,3.58,4.38,0.5,7.78,1.34,31,0,0,0,1021.31,-0.2174,90.34,SAFE
MILK_0429,2026-08-20T06:00:00,370,3.46,4.53,0.5,9.02,1.46,53,2,2,1,1679.35,-0.1299,0.0,UNSAFE
MILK_0430,2026-09-07T00:00:00,237,2.72,4.53,0.5,8.98,1.61,44,4,4,1,1077.34,-0.678,79.85,SAFE
MILK_0431,2026-08-13T17:00:00,163,3.68,4.2,3.0,13.68,1.38,3,3,1,3,689.57,0.1294,165.59,SAFE
MILK_0432,2026-08-17T17:00:00,160,4.44,4.43,0.5,8.4,1.45,22,1,1,1,713.64,0.3061,164.99,SAFE
MILK_0433,2026-08-22T01:00:00,230,4.18,4.02,2.59,5.66,0.52,0,0,0,0,928.9,0.2069,104.08,SAFE
MILK_0434,2026-08-17T00:00:00,281,7.04,7.07,3.73,9.7,0.95,251,47,37,3,1993.57,-0.1097,0.0,UNSAFE
MILK_0435,2026-08-29T17:00:00,359,5.59,4.49,0.5,8.22,1.53,63,3,3,1,1616.48,0.1327,0.0,UNSAFE
MILK_0436,2026-08-30T06:00:00,97,4.77,3.96,3.06,5.01,0.41,0,0,0,0,388.16,0.2784,238.32,SAFE
MILK_0437,2026-08-19T12:00:00,322,2.62,4.43,0.5,8.28,1.48,52,2,2,1,1431.37,-0.3339,0.0,UNSAFE
MILK_0438,2026-09-11T03:00:00,327,3.57,4.03,2.53,5.5,0.5,0,0,0,0,1323.41,-0.0305,6.25,CAUTION
MILK_0439,2026-09-02T07:00:00,264,3.84,4.04,2.79,5.44,0.51,0,0,0,0,1069.52,-0.2587,69.54,CAUTION
MILK_0440,2026-09-03T05:00:00,83,10.03,11.95,5.35,19.23,3.07,80,76,9,31,1003.63,-1.1588,122.79,SAFE
MILK_0441,2026-08-22T14:00:00,336,4.36,3.98,2.64,5.53,0.47,0,0,0,0,1341.89,0.2803,0.0,UNSAFE
MILK_0442,2026-08-15T10:00:00,140,5.06,3.99,2.57,5.4,0.52,0,0,0,0,562.02,0.1171,194.99,SAFE
MILK_0443,2026-09-01T08:00:00,248,4.08,3.98,2.6,5.56,0.51,0,0,0,0,991.2,0.29,87.13,SAFE
MILK_0444,2026-09-13T05:00:00,356,6.35,6.99,3.86,9.28,0.97,304,56,48,4,2496.13,-0.0913,0.0,UNSAFE
MILK_0445,2026-08-20T04:00:00,47,6.05,4.32,0.5,6.99,1.4,8,0,0,0,207.54,0.0034,285.67,SAFE
MILK_0446,2026-08-28T09:00:00,310,4.53,3.97,2.85,5.33,0.46,0,0,0,0,1235.0,0.1563,25.59,CAUTION
MILK_0447,2026-08-20T07:00:00,227,3.66,4.56,0.5,8.73,1.59,41,4,4,1,1039.52,-0.4604,89.83,SAFE
MILK_0448,2026-09-02T11:00:00,243,4.71,4.38,0.5,7.73,1.45,34,0,0,0,1067.75,0.5605,78.49,SAFE
MILK_0449,2026-09-02T00:00:00,111,3.77,3.97,2.91,5.88,0.5,0,0,0,0,444.54,-0.1049,224.21,SAFE
MILK_0450,2026-08-16T07:00:00,64,3.71,4.93,3.09,16.8,2.98,6,6,1,6,320.22,-0.1312,258.49,SAFE
MILK_0451,2026-09-01T03:00:00,304,2.54,4.45,0.5,8.62,1.46,44,1,1,1,1357.57,-0.5984,11.36,CAUTION
MILK_0452,2026-08-17T15:00:00,161,2.76,3.99,2.49,5.42,0.56,0,0,0,0,647.01,-0.1331,173.8,SAFE
MILK_0453,2026-08-10T17:00:00,212,4.26,3.98,2.69,5.53,0.52,0,0,0,0,848.4,-0.0471,123.04,SAFE
MILK_0454,2026-08-21T11:00:00,299,3.63,3.97,2.49,5.62,0.5,0,0,0,0,1190.06,0.1009,36.64,CAUTION
MILK_0455,2026-09-14T04:00:00,391,12.74,11.86,3.45,22.69,3.0,383,351,39,28,4648.78,0.1952,0.0,UNSAFE
MILK_0456,2026-08-19T02:00:00,391,1.46,4.51,0.5,8.57,1.43,61,2,2,1,1766.77,-0.6115,0.0,UNSAFE
MILK_0457,2026-08-21T16:00:00,127,4.18,4.46,1.4,7.66,1.39,20,0,0,0,570.68,0.2556,199.82,SAFE
MILK_0458,2026-08-25T13:00:00,122,5.82,4.32,0.96,8.98,1.38,13,1,1,1,531.54,0.7772,207.08,SAFE
MILK_0459,2026-09-03T21:00:00,327,5.63,7.0,4.5,10.01,0.97,276,54,44,4,2297.5,-0.4605,0.0,UNSAFE
MILK_0460,2026-08-26T09:00:00,396,6.21,4.41,0.5,9.14,1.52,56,3,3,1,1748.85,0.018,0.0,UNSAFE
MILK_0461,2026-09-08T19:00:00,358,7.28,6.97,4.47,9.68,0.99,301,52,39,3,2501.52,0.4305,0.0,UNSAFE
MILK_0462,2026-09-09T23:00:00,331,4.76,4.22,2.53,16.72,1.64,8,8,1,8,1402.03,0.3384,0.0,UNSAFE
MILK_0463,2026-08-28T01:00:00,168,4.41,4.17,2.66,13.55,1.28,3,3,1,3,705.37,0.0318,161.44,SAFE
MILK_0464,2026-09-04T11:00:00,384,4.39,4.0,2.31,6.35,0.52,1,0,0,0,1539.28,0.0232,0.0,UNSAFE
MILK_0465,2026-08-11T19:00:00,161,3.71,4.02,2.83,5.6,0.49,0,0,0,0,652.04,-0.0102,173.32,SAFE
MILK_0466,2026-08-21T05:00:00,222,4.61,3.97,2.65,5.25,0.48,0,0,0,0,884.93,0.1342,113.46,SAFE
MILK_0467,2026-08-09T11:00:00,77,4.12,4.85,1.9,7.38,1.21,16,0,0,0,377.95,0.1701,249.65,SAFE
MILK_0468,2026-09-03T22:00:00,197,4.96,4.35,2.78,18.27,2.2,7,7,1,7,861.08,0.3698,120.92,SAFE
MILK_0469,2026-09-03T06:00:00,94,6.39,4.5,0.5,8.17,1.41,13,1,1,1,427.33,0.2292,234.48,SAFE
MILK_0470,2026-08-16T08:00:00,161,5.07,4.49,0.86,9.52,1.44,21,2,2,1,727.25,0.7647,162.89,SAFE
MILK_0471,2026-08-27T06:00:00,68,8.24,4.53,1.47,8.32,1.51,11,2,2,1,312.29,1.0469,261.87,SAFE
MILK_0472,2026-08-18T12:00:00,82,3.94,3.94,2.82,5.04,0.46,0,0,0,0,327.08,-0.1225,253.43,SAFE
MILK_0473,2026-09-09T03:00:00,356,5.04,4.56,0.55,8.85,1.49,64,6,5,2,1626.4,0.0548,0.0,UNSAFE
MILK_0474,2026-09-02T18:00:00,213,4.29,4.0,2.39,5.3,0.53,0,0,0,0,855.0,0.0626,121.74,SAFE
MILK_0475,2026-09-08T22:00:00,197,5.3,6.96,3.76,9.39,1.02,160,25,23,2,1377.55,-0.6593,60.29,CAUTION
MILK_0476,2026-08-04T05:00:00,17,5.58,5.05,1.58,11.0,1.95,4,1,1,1,90.89,0.3393,315.29,SAFE
MILK_0477,2026-08-12T18:00:00,73,4.81,4.43,0.69,8.07,1.38,11,1,1,1,328.02,-0.0157,257.51,SAFE
MILK_0478,2026-08-30T05:00:00,354,4.09,4.01,2.37,5.78,0.52,0,0,0,0,1424.03,-0.161,0.0,UNSAFE
MILK_0479,2026-08-30T21:00:00,144,3.38,4.01,2.73,5.77,0.53,0,0,0,0,581.16,-0.1988,190.62,SAFE
MILK_0480,2026-09-02T12:00:00,336,3.25,4.53,0.5,8.24,1.45,51,2,2,1,1527.66,-0.2653,0.0,UNSAFE
MILK_0481,2026-09-03T04:00:00,65,4.58,4.61,0.75,7.7,1.44,13,0,0,0,304.48,0.0057,264.52,SAFE
MILK_0482,2026-09-01T18:00:00,251,4.04,4.43,0.5,8.88,1.49,38,4,4,1,1115.95,-0.3518,68.29,CAUTION
MILK_0483,2026-08-14T04:00:00,297,3.66,4.31,2.3,15.95,1.73,7,7,1,7,1283.09,-0.0279,19.56,CAUTION
MILK_0484,2026-08-10T14:00:00,42,2.9,4.2,0.67,7.75,1.68,7,0,0,0,180.57,-0.5048,291.31,SAFE
MILK_0485,2026-09-05T22:00:00,368,4.47,4.49,0.5,8.33,1.45,63,2,2,1,1656.73,0.8252,0.0,UNSAFE
MILK_0486,2026-08-19T23:00:00,219,3.59,4.57,0.5,8.56,1.52,36,2,2,1,1005.06,-0.2465,98.57,SAFE
MILK_0487,2026-08-05T13:00:00,33,3.68,3.85,2.86,4.7,0.47,0,0,0,0,131.03,0.199,302.5,SAFE
MILK_0488,2026-09-06T22:00:00,165,3.64,3.97,2.89,5.25,0.48,0,0,0,0,659.75,-0.2237,170.24,SAFE
MILK_0489,2026-08-18T14:00:00,59,4.79,5.41,3.09,18.74,3.77,7,7,1,7,324.78,0.2615,257.1,SAFE
MILK_0490,2026-08-15T14:00:00,242,5.73,4.54,0.74,8.35,1.44,39,1,1,1,1102.94,-0.315,74.94,SAFE
MILK_0491,2026-08-29T03:00:00,390,4.67,4.2,2.75,18.82,1.63,7,7,1,7,1641.95,0.0462,0.0,UNSAFE
MILK_0492,2026-08-31T00:00:00,390,4.27,4.02,2.54,5.52,0.51,0,0,0,0,1570.6,0.2921,0.0,UNSAFE
MILK_0493,2026-09-02T10:00:00,222,4.37,3.96,2.34,5.25,0.49,0,0,0,0,883.79,-0.0528,113.58,SAFE
MILK_0494,2026-08-31T23:00:00,260,4.57,4.35,0.8,7.92,1.41,31,0,0,0,1134.66,0.016,61.61,CAUTION
MILK_0495,2026-08-26T22:00:00,153,4.91,4.59,0.5,9.43,1.49,22,4,4,1,706.13,0.3178,169.53,SAFE
MILK_0496,2026-08-11T05:00:00,199,7.39,7.14,4.66,9.76,0.94,178,38,31,2,1428.52,0.2114,52.0,CAUTION
MILK_0497,2026-08-17T11:00:00,237,4.5,4.04,2.84,6.1,0.49,1,0,0,0,961.01,0.0854,96.66,SAFE
MILK_0498,2026-09-08T10:00:00,195,5.92,4.67,0.5,8.13,1.51,39,2,2,1,915.07,-0.1384,122.13,SAFE
MILK_0499,2026-08-13T03:00:00,198,6.34,4.47,0.91,8.75,1.65,36,3,3,1,889.47,0.3762,123.01,SAFE
MILK_0500,2026-08-26T21:00:00,193,5.69,4.37,0.54,8.38,1.52,29,2,2,1,847.33,0.6346,131.15,SAFE
MILK_0501,2026-08-08T19:00:00,151,4.78,4.78,1.43,9.27,1.63,35,4,4,1,725.98,0.1146,167.77,SAFE
MILK_0502,2026-08-17T05:00:00,242,4.03,4.31,2.36,18.17,2.07,8,8,1,8,1047.94,0.0229,74.48,SAFE
MILK_0503,2026-08-21T21:00:00,337,2.81,4.51,0.5,9.39,1.53,53,6,6,1,1525.47,-0.4299,0.0,UNSAFE
MILK_0504,2026-08-21T11:00:00,35,12.11,11.4,6.67,18.7,3.32,36,30,6,16,410.34,-0.0201,249.03,SAFE
MILK_0505,2026-09-01T00:00:00,134,4.18,4.06,3.07,5.31,0.43,0,0,0,0,547.98,-0.1892,199.97,SAFE
MILK_0506,2026-08-10T13:00:00,115,3.76,4.05,2.48,5.56,0.5,0,0,0,0,469.57,-0.0795,219.21,SAFE
MILK_0507,2026-08-08T13:00:00,116,3.35,4.02,2.64,5.33,0.5,0,0,0,0,470.91,-0.187,218.5,SAFE
MILK_0508,2026-08-24T15:00:00,129,3.41,4.74,2.62,17.02,2.9,9,9,1,9,616.54,0.0419,184.27,SAFE
MILK_0509,2026-08-06T06:00:00,11,14.02,8.28,2.66,15.63,5.21,5,5,1,5,99.39,-0.4985,313.32,SAFE
MILK_0510,2026-08-17T02:00:00,286,3.09,4.37,2.36,19.67,2.18,9,9,1,9,1253.96,-0.1868,23.15,CAUTION
MILK_0511,2026-08-20T15:00:00,348,3.32,4.53,0.5,8.7,1.51,58,6,6,1,1579.93,0.1468,0.0,UNSAFE
MILK_0512,2026-08-31T05:00:00,77,4.35,4.04,2.88,5.19,0.5,0,0,0,0,315.05,0.0853,257.55,SAFE
MILK_0513,2026-08-06T22:00:00,131,4.29,4.03,2.11,5.34,0.51,0,0,0,0,531.82,0.1291,203.37,SAFE
MILK_0514,2026-08-20T04:00:00,18,3.86,4.07,3.36,4.84,0.43,0,0,0,0,77.26,0.133,316.84,SAFE
MILK_0515,2026-08-07T20:00:00,36,5.74,12.22,5.01,18.07,3.17,35,34,2,30,452.02,-1.1322,239.31,SAFE
MILK_0516,2026-08-15T08:00:00,225,4.42,4.04,2.27,5.31,0.49,0,0,0,0,912.03,-0.0027,108.79,SAFE
MILK_0517,2026-09-02T10:00:00,391,3.16,4.59,0.61,8.79,1.48,67,3,3,1,1800.68,-1.0055,0.0,UNSAFE
MILK_0518,2026-08-13T14:00:00,239,7.18,4.45,0.5,8.17,1.49,38,1,1,1,1068.44,0.4106,80.39,SAFE
MILK_0519,2026-09-05T19:00:00,272,2.4,4.46,0.5,8.59,1.58,49,3,3,1,1216.79,-0.5105,44.56,CAUTION
MILK_0520,2026-08-29T04:00:00,241,3.5,4.14,2.58,16.31,1.49,4,4,1,4,1001.11,-0.0382,85.49,SAFE
MILK_0521,2026-09-02T03:00:00,32,4.82,4.6,1.47,8.0,1.62,7,0,0,0,151.73,0.4123,300.2,SAFE
MILK_0522,2026-09-05T09:00:00,276,3.83,4.27,2.68,18.16,1.77,6,6,1,6,1181.66,0.1462,42.29,CAUTION
MILK_0523,2026-08-22T17:00:00,41,13.79,6.12,3.38,18.61,4.41,7,7,1,7,257.03,-0.2114,274.13,SAFE
MILK_0524,2026-08-28T14:00:00,361,5.94,4.57,0.5,8.49,1.48,65,3,3,1,1653.9,0.7058,0.0,UNSAFE
MILK_0525,2026-08-20T05:00:00,374,6.72,7.02,4.51,10.26,0.97,322,59,50,3,2632.37,0.2096,0.0,UNSAFE
MILK_0526,2026-09-01T13:00:00,47,3.39,3.99,2.58,4.73,0.47,0,0,0,0,191.73,-0.1954,287.97,SAFE
MILK_0527,2026-09-05T08:00:00,174,3.9,3.98,2.61,5.12,0.48,0,0,0,0,696.06,-0.037,161.19,SAFE
MILK_0528,2026-08-21T23:00:00,43,16.01,12.14,4.39,20.05,3.31,43,39,5,18,534.08,0.9466,221.12,SAFE
MILK_0529,2026-08-19T01:00:00,329,4.71,4.01,2.43,5.29,0.47,0,0,0,0,1323.36,0.3655,5.19,CAUTION
MILK_0530,2026-09-02T20:00:00,290,4.71,4.03,2.83,5.25,0.48,0,0,0,0,1172.57,0.0751,43.66,CAUTION
MILK_0531,2026-08-31T23:00:00,205,3.58,4.47,0.5,8.65,1.45,27,2,2,1,921.17,0.2133,116.29,SAFE
MILK_0532,2026-08-27T08:00:00,160,5.13,4.54,0.5,8.4,1.48,22,1,1,1,731.1,-0.0854,162.89,SAFE
MILK_0533,2026-08-28T23:00:00,319,3.57,4.09,2.66,15.59,1.05,3,3,1,3,1309.0,-0.1097,9.72,CAUTION
MILK_0534,2026-08-29T18:00:00,68,4.04,3.98,2.25,5.01,0.52,0,0,0,0,274.72,0.0283,267.03,SAFE
MILK_0535,2026-09-12T03:00:00,343,4.12,4.0,2.27,5.46,0.51,0,0,0,0,1376.51,-0.0008,0.0,UNSAFE
MILK_0536,2026-09-14T12:00:00,379,7.11,6.99,3.94,9.89,0.97,324,65,52,4,2657.11,-0.1093,0.0,UNSAFE
MILK_0537,2026-09-06T20:00:00,230,4.52,3.94,2.28,5.69,0.54,0,0,0,0,909.09,0.1079,106.23,SAFE
MILK_0538,2026-08-24T12:00:00,221,4.0,4.48,2.91,17.72,2.2,9,9,1,9,995.33,0.1337,91.62,SAFE
MILK_0539,2026-08-24T18:00:00,222,7.48,7.09,4.05,10.77,0.98,196,36,32,3,1580.51,0.1887,21.11,CAUTION
MILK_0540,2026-08-31T05:00:00,170,13.3,12.32,6.88,20.89,2.84,171,165,7,65,2105.87,-0.0941,0.0,UNSAFE
MILK_0541,2026-08-29T00:00:00,350,1.06,4.52,0.5,9.86,1.56,60,3,3,1,1584.97,-0.4852,0.0,UNSAFE
MILK_0542,2026-08-13T03:00:00,88,3.35,4.33,0.5,8.58,1.59,15,1,1,1,385.7,-0.2269,242.24,SAFE
MILK_0543,2026-08-24T11:00:00,44,4.52,3.91,2.82,4.85,0.48,0,0,0,0,175.84,-0.0509,291.39,SAFE
MILK_0544,2026-08-05T11:00:00,57,2.74,4.0,2.55,5.28,0.52,0,0,0,0,231.99,-0.3721,277.91,SAFE
MILK_0545,2026-08-30T10:00:00,391,4.12,4.15,2.71,19.2,1.37,5,5,1,5,1625.77,-2.0437,0.0,UNSAFE
MILK_0546,2026-09-07T10:00:00,294,9.89,11.96,4.33,20.1,3.04,286,263,27,42,3527.24,-1.5769,0.0,UNSAFE
MILK_0547,2026-08-15T03:00:00,297,11.84,12.14,2.67,21.36,3.09,290,273,23,63,3616.83,-0.983,0.0,UNSAFE
MILK_0548,2026-09-02T03:00:00,353,5.33,4.53,1.22,8.43,1.5,58,4,4,1,1603.44,-0.897,0.0,UNSAFE
MILK_0549,2026-08-12T12:00:00,191,4.06,4.06,2.63,5.29,0.49,0,0,0,0,779.07,0.0424,142.5,SAFE
MILK_0550,2026-09-14T07:00:00,394,4.43,4.26,2.28,18.62,1.69,9,9,1,9,1683.75,0.2747,0.0,UNSAFE
MILK_0551,2026-09-01T11:00:00,36,3.53,3.92,2.51,5.72,0.6,0,0,0,0,144.96,-0.0653,299.25,SAFE
MILK_0552,2026-09-13T14:00:00,317,3.65,4.47,0.88,8.85,1.4,53,3,3,1,1421.32,-0.1122,0.0,UNSAFE
MILK_0553,2026-08-13T02:00:00,63,5.85,4.45,0.5,8.71,1.49,6,1,1,1,284.96,0.482,267.83,SAFE
MILK_0554,2026-08-24T14:00:00,118,4.67,4.62,0.5,8.28,1.31,18,1,1,1,550.26,0.0414,207.24,SAFE
MILK_0555,2026-08-16T13:00:00,256,3.88,3.94,2.43,5.16,0.48,0,0,0,0,1012.37,0.0516,80.35,SAFE
MILK_0556,2026-08-16T00:00:00,189,4.01,4.52,0.62,8.61,1.61,38,3,3,1,859.53,0.0343,131.57,SAFE
MILK_0557,2026-09-05T23:00:00,198,6.35,4.61,1.2,8.73,1.56,32,5,4,2,918.09,0.3753,119.94,SAFE
MILK_0558,2026-08-16T23:00:00,303,5.07,4.32,0.5,8.15,1.44,31,3,3,1,1312.74,-0.0097,17.2,CAUTION
MILK_0559,2026-08-20T22:00:00,297,4.14,4.11,2.46,16.03,1.14,3,3,1,3,1224.49,0.0584,31.07,CAUTION
MILK_0560,2026-09-05T02:00:00,365,5.66,7.1,4.46,9.58,0.97,320,64,50,3,2598.28,-0.4885,0.0,UNSAFE
MILK_0561,2026-08-13T06:00:00,102,7.34,4.6,0.5,7.7,1.45,16,0,0,0,473.53,0.2491,224.63,SAFE
MILK_0562,2026-08-26T14:00:00,400,3.84,3.97,2.37,5.56,0.52,0,0,0,0,1592.84,-0.0434,0.0,UNSAFE
MILK_0563,2026-08-18T07:00:00,189,3.13,3.95,2.55,5.28,0.48,0,0,0,0,750.51,-0.3098,146.78,SAFE
MILK_0564,2026-08-04T16:00:00,83,1.01,4.49,1.01,7.84,1.53,13,0,0,0,377.19,-1.1539,246.09,SAFE
MILK_0565,2026-08-28T20:00:00,215,3.88,4.03,2.81,5.53,0.49,0,0,0,0,871.23,0.0138,118.89,SAFE
MILK_0566,2026-08-19T09:00:00,389,3.7,3.96,2.42,5.31,0.55,0,0,0,0,1544.15,0.0131,0.0,UNSAFE
MILK_0567,2026-08-23T08:00:00,56,4.25,3.86,2.88,5.11,0.47,0,0,0,0,219.92,0.3231,279.8,SAFE
MILK_0568,2026-08-29T16:00:00,120,4.1,4.05,2.91,5.29,0.48,0,0,0,0,489.46,-0.3198,214.23,SAFE
MILK_0569,2026-08-23T15:00:00,242,3.66,4.48,0.5,9.5,1.4,30,3,3,1,1088.34,-0.6405,76.8,SAFE
MILK_0570,2026-08-19T12:00:00,199,3.42,4.03,2.28,5.9,0.54,0,0,0,0,806.88,-0.0301,134.89,SAFE
MILK_0571,2026-08-18T07:00:00,176,3.69,3.98,2.65,5.18,0.45,0,0,0,0,703.94,-0.0146,159.23,SAFE
MILK_0572,2026-09-07T21:00:00,315,3.51,4.7,0.5,8.82,1.59,61,8,8,1,1485.15,-0.4759,0.0,UNSAFE
MILK_0573,2026-08-06T18:00:00,89,6.76,7.16,3.89,9.05,0.89,82,15,13,2,644.31,-0.3755,208.05,SAFE
MILK_0574,2026-08-08T06:00:00,35,3.76,4.58,0.87,7.31,1.5,7,0,0,0,164.78,-0.5632,297.14,SAFE
MILK_0575,2026-08-28T07:00:00,149,3.83,4.61,2.71,18.75,2.75,8,8,1,8,692.12,-0.1415,164.0,SAFE
MILK_0576,2026-08-27T23:00:00,320,4.07,4.21,2.66,16.32,1.52,6,6,1,6,1350.51,0.0519,0.82,CAUTION
MILK_0577,2026-08-25T18:00:00,396,4.47,3.97,2.42,5.2,0.48,0,0,0,0,1577.23,0.0784,0.0,UNSAFE
MILK_0578,2026-08-24T21:00:00,186,4.27,4.51,1.1,8.38,1.51,32,2,2,1,842.72,0.1468,135.55,SAFE
MILK_0579,2026-08-20T14:00:00,155,6.48,4.42,1.1,7.46,1.37,24,0,0,0,690.2,0.4855,170.69,SAFE
MILK_0580,2026-09-04T22:00:00,313,2.83,4.25,2.6,17.72,1.78,7,7,1,7,1334.6,-0.2949,3.61,CAUTION
MILK_0581,2026-08-23T18:00:00,33,3.72,5.92,2.98,20.44,4.71,6,6,1,6,201.16,0.0829,285.77,SAFE
MILK_0582,2026-08-20T14:00:00,13,5.03,4.18,2.55,5.7,0.81,0,0,0,0,58.57,0.0903,321.66,SAFE
MILK_0583,2026-08-12T07:00:00,118,4.26,4.01,3.02,5.15,0.45,0,0,0,0,477.48,0.1096,216.69,SAFE
MILK_0584,2026-08-31T00:00:00,140,5.88,4.23,0.5,8.3,1.44,16,1,1,1,596.51,0.5025,189.55,SAFE
MILK_0585,2026-08-13T09:00:00,71,4.17,4.07,2.96,5.27,0.52,0,0,0,0,293.39,0.055,263.29,SAFE
MILK_0586,2026-08-17T23:00:00,392,4.46,4.54,0.5,9.6,1.51,62,6,6,1,1783.56,0.1521,0.0,UNSAFE
MILK_0587,2026-08-17T09:00:00,76,4.32,4.1,3.07,5.06,0.42,0,0,0,0,315.75,0.0451,258.06,SAFE
MILK_0588,2026-08-29T03:00:00,370,5.7,4.48,0.5,8.21,1.5,54,3,3,1,1663.75,0.6552,0.0,UNSAFE
MILK_0589,2026-08-21T00:00:00,296,4.47,4.1,2.73,16.61,1.14,3,3,1,3,1217.05,0.1416,32.37,CAUTION
MILK_0590,2026-08-15T06:00:00,31,6.52,6.94,4.69,9.68,0.97,27,3,2,2,222.16,0.2209,291.53,SAFE
MILK_0591,2026-08-24T05:00:00,245,4.04,4.05,2.93,5.64,0.48,0,0,0,0,995.88,0.009,88.34,SAFE
MILK_0592,2026-09-06T04:00:00,170,3.64,4.37,2.92,16.24,2.06,6,6,1,6,746.54,-0.028,151.25,SAFE
MILK_0593,2026-09-04T01:00:00,373,2.23,4.49,0.5,8.35,1.52,60,4,4,1,1679.64,-0.3539,0.0,UNSAFE
MILK_0594,2026-08-28T03:00:00,158,2.09,4.64,1.29,9.28,1.48,30,2,2,1,737.98,-0.6951,163.1,SAFE
MILK_0595,2026-08-05T08:00:00,20,6.33,4.5,0.72,8.4,1.55,2,1,1,1,94.51,0.1021,313.48,SAFE
MILK_0596,2026-09-04T11:00:00,97,3.64,3.94,3.0,5.01,0.47,0,0,0,0,385.98,-0.1267,238.53,SAFE
MILK_0597,2026-09-06T00:00:00,245,3.79,4.02,2.43,5.5,0.58,0,0,0,0,988.1,-0.3571,89.04,SAFE
MILK_0598,2026-09-05T01:00:00,195,4.67,3.99,2.5,5.3,0.51,0,0,0,0,781.38,0.049,139.98,SAFE
MILK_0599,2026-08-06T05:00:00,64,1.48,4.43,0.87,8.93,1.55,10,1,1,1,288.22,-0.7317,266.82,SAFE
MILK_0600,2026-08-21T12:00:00,311,2.92,4.46,0.5,9.4,1.46,45,3,3,1,1393.04,-0.0767,3.37,CAUTION
MILK_0601,2026-08-15T18:00:00,50,5.31,4.29,1.2,7.2,1.46,7,0,0,0,218.84,0.1685,282.67,SAFE
MILK_0602,2026-08-29T16:00:00,391,2.57,4.53,0.73,8.93,1.47,66,5,5,1,1776.7,-1.0396,0.0,UNSAFE
MILK_0603,2026-08-18T19:00:00,180,4.43,4.75,0.86,8.59,1.41,34,3,3,1,860.58,-0.2049,137.02,SAFE
MILK_0604,2026-08-27T06:00:00,49,3.59,3.99,2.75,4.93,0.46,0,0,0,0,199.25,-0.0822,286.02,SAFE
MILK_0605,2026-08-20T16:00:00,68,2.49,4.67,1.55,9.0,1.69,15,3,2,2,322.27,-1.2173,260.41,SAFE
MILK_0606,2026-08-22T05:00:00,109,3.09,4.04,2.63,5.28,0.52,0,0,0,0,444.77,-0.2922,225.29,SAFE
MILK_0607,2026-09-06T08:00:00,189,4.82,4.53,0.83,8.38,1.48,32,1,1,1,860.09,0.3333,132.02,SAFE
MILK_0608,2026-08-28T09:00:00,85,8.78,6.98,4.38,9.96,1.07,72,17,13,3,600.33,0.4084,215.85,SAFE
MILK_0609,2026-08-11T15:00:00,84,3.73,4.11,3.13,5.17,0.47,0,0,0,0,349.7,-0.1413,249.81,SAFE
MILK_0610,2026-08-13T08:00:00,98,3.97,4.53,2.78,17.91,2.65,4,4,1,4,448.45,0.2035,223.78,SAFE
MILK_0611,2026-08-27T20:00:00,48,2.64,4.38,0.58,7.35,1.53,6,0,0,0,214.45,-0.0816,284.21,SAFE
MILK_0612,2026-08-17T18:00:00,262,4.08,4.62,0.5,10.04,1.56,53,4,4,1,1215.59,0.638,50.24,CAUTION
MILK_0613,2026-09-01T09:00:00,399,1.45,4.42,0.5,8.93,1.5,57,6,6,1,1766.72,-0.9789,0.0,UNSAFE
MILK_0614,2026-09-03T12:00:00,358,7.55,4.58,0.5,9.0,1.42,53,2,2,1,1643.59,0.4032,0.0,UNSAFE
MILK_0615,2026-09-13T21:00:00,339,3.86,4.02,2.67,5.81,0.5,0,0,0,0,1367.52,-0.0071,0.0,UNSAFE
MILK_0616,2026-08-29T02:00:00,175,4.25,3.94,2.52,5.37,0.53,0,0,0,0,692.69,-0.006,160.94,SAFE
MILK_0617,2026-09-04T23:00:00,171,3.32,3.99,2.36,5.08,0.49,0,0,0,0,685.54,-0.0917,164.02,SAFE
MILK_0618,2026-08-07T10:00:00,44,6.1,4.07,1.01,7.66,1.67,7,0,0,0,183.01,0.1414,289.9,SAFE
MILK_0619,2026-08-30T11:00:00,333,6.51,4.64,0.9,9.3,1.46,57,7,7,1,1550.01,0.4496,0.0,UNSAFE
MILK_0620,2026-08-23T08:00:00,312,6.43,4.46,0.5,8.43,1.44,42,5,5,1,1397.5,-0.061,2.43,CAUTION
MILK_0621,2026-08-13T16:00:00,269,4.7,3.96,2.52,5.47,0.55,0,0,0,0,1069.46,0.2064,66.66,CAUTION
MILK_0622,2026-08-13T15:00:00,246,3.82,4.13,2.64,16.81,1.33,3,3,1,3,1019.33,-0.0014,81.58,SAFE
MILK_0623,2026-08-08T23:00:00,156,6.82,6.97,4.49,9.79,1.06,128,26,21,2,1094.06,-0.1337,116.97,SAFE
MILK_0624,2026-08-06T04:00:00,56,4.14,4.42,0.59,8.15,1.52,7,1,1,1,251.93,-0.0164,275.47,SAFE
MILK_0625,2026-09-01T00:00:00,269,4.52,4.2,2.42,17.77,1.82,6,6,1,6,1133.44,0.0398,51.38,CAUTION
MILK_0626,2026-09-04T21:00:00,388,3.71,3.98,2.59,5.6,0.5,0,0,0,0,1548.67,-0.0285,0.0,UNSAFE
MILK_0627,2026-09-08T01:00:00,240,9.04,7.06,3.44,9.58,0.96,210,39,31,2,1700.53,0.5748,0.0,UNSAFE
MILK_0628,2026-09-14T01:00:00,343,8.04,12.18,4.0,19.25,2.78,338,322,22,59,4189.28,-1.0893,0.0,UNSAFE
MILK_0629,2026-08-20T17:00:00,319,3.85,4.26,2.45,16.42,1.61,7,7,1,7,1363.14,0.0054,0.0,UNSAFE
MILK_0630,2026-08-15T01:00:00,240,3.41,4.41,2.61,16.54,2.16,9,9,1,9,1063.4,-0.4046,73.24,SAFE
MILK_0631,2026-09-14T01:00:00,375,3.93,4.51,0.5,9.58,1.55,60,7,7,1,1695.91,-0.2106,0.0,UNSAFE
MILK_0632,2026-08-17T20:00:00,340,5.25,4.49,0.5,8.77,1.53,46,6,5,2,1532.07,1.2327,0.0,UNSAFE
MILK_0633,2026-08-11T17:00:00,136,4.47,4.02,2.89,5.44,0.5,0,0,0,0,550.92,-0.0695,198.47,SAFE
MILK_0634,2026-09-02T08:00:00,234,2.59,4.62,1.11,8.62,1.49,43,1,1,1,1085.2,-0.9936,81.11,SAFE
MILK_0635,2026-08-31T02:00:00,322,7.7,4.57,0.5,8.38,1.46,60,3,3,1,1477.59,0.5872,0.0,UNSAFE
MILK_0636,2026-08-14T19:00:00,200,5.25,6.95,3.83,10.17,1.04,163,30,23,4,1396.49,-0.0519,56.3,CAUTION
MILK_0637,2026-09-08T01:00:00,208,10.92,11.95,1.94,20.26,3.34,200,190,19,23,2496.8,0.5813,0.0,UNSAFE
MILK_0638,2026-08-29T07:00:00,357,4.26,4.64,0.5,8.25,1.49,64,3,3,1,1662.56,0.5476,0.0,UNSAFE
MILK_0639,2026-09-02T22:00:00,333,5.14,4.13,2.83,18.77,1.29,3,3,1,3,1380.7,0.2808,0.0,UNSAFE
MILK_0640,2026-08-23T10:00:00,295,3.71,4.02,2.41,5.41,0.52,0,0,0,0,1190.08,0.0154,38.86,CAUTION
MILK_0641,2026-08-28T23:00:00,155,3.93,4.53,2.96,17.81,2.48,8,8,1,8,706.06,0.0473,161.19,SAFE
MILK_0642,2026-09-11T03:00:00,318,4.66,4.54,0.5,9.76,1.56,58,6,6,1,1449.81,-0.0322,0.0,UNSAFE
MILK_0643,2026-09-04T16:00:00,180,4.13,4.46,3.14,19.0,2.1,7,7,1,7,807.88,0.0838,137.85,SAFE
MILK_0644,2026-08-30T01:00:00,189,11.23,12.1,4.36,19.37,3.06,185,172,17,23,2298.54,-1.4231,0.0,UNSAFE
MILK_0645,2026-08-26T03:00:00,367,4.44,4.49,0.5,8.95,1.41,47,3,3,1,1651.57,0.0969,0.0,UNSAFE
MILK_0646,2026-08-25T16:00:00,76,11.71,12.67,4.41,20.89,3.23,76,73,5,24,975.87,0.183,123.37,SAFE
MILK_0647,2026-08-23T03:00:00,53,4.18,5.37,2.99,16.73,3.75,7,7,1,7,289.72,0.0127,265.66,SAFE
MILK_0648,2026-08-21T06:00:00,178,5.93,4.5,0.5,8.88,1.47,28,1,1,1,805.17,0.3865,144.42,SAFE
MILK_0649,2026-09-10T21:00:00,353,4.07,3.99,2.48,5.34,0.48,0,0,0,0,1411.62,0.0109,0.0,UNSAFE
MILK_0650,2026-09-07T23:00:00,360,3.82,4.41,0.5,8.22,1.55,66,2,2,1,1592.33,-0.9031,0.0,UNSAFE
MILK_0651,2026-09-02T01:00:00,57,3.84,3.95,2.77,5.01,0.45,0,0,0,0,228.9,0.1391,278.27,SAFE
MILK_0652,2026-08-31T07:00:00,226,4.57,4.02,2.49,5.19,0.5,0,0,0,0,912.58,-0.1241,108.15,SAFE
MILK_0653,2026-08-18T06:00:00,19,1.51,3.58,1.06,7.11,1.83,3,0,0,0,71.61,-0.7369,316.5,SAFE
MILK_0654,2026-08-16T15:00:00,102,3.45,4.01,2.68,5.37,0.46,0,0,0,0,412.89,-0.0143,232.77,SAFE
MILK_0655,2026-09-07T22:00:00,184,5.67,4.59,1.1,8.48,1.47,26,3,3,1,849.92,0.7,135.93,SAFE
MILK_0656,2026-09-05T03:00:00,108,3.42,3.9,2.85,5.39,0.52,0,0,0,0,425.17,0.0199,228.0,SAFE
MILK_0657,2026-08-11T21:00:00,89,2.95,4.03,2.84,5.26,0.57,0,0,0,0,362.35,-0.2492,245.57,SAFE
MILK_0658,2026-08-05T22:00:00,61,3.89,4.39,1.31,7.83,1.49,10,0,0,0,271.93,-0.4221,270.44,SAFE
MILK_0659,2026-09-02T21:00:00,388,5.74,4.59,0.5,8.55,1.49,72,2,2,1,1784.63,0.0965,0.0,UNSAFE
MILK_0660,2026-08-30T21:00:00,29,4.05,4.04,3.14,5.78,0.56,0,0,0,0,121.22,0.1851,305.81,SAFE
MILK_0661,2026-09-05T00:00:00,326,5.44,6.99,3.69,9.28,0.92,287,39,37,2,2287.17,-0.3574,0.0,UNSAFE
MILK_0662,2026-08-14T05:00:00,202,6.34,6.91,4.26,10.05,0.98,171,25,24,2,1403.73,0.6201,54.74,CAUTION
MILK_0663,2026-08-09T11:00:00,102,2.85,4.37,0.5,7.52,1.45,15,0,0,0,450.53,0.0542,227.3,SAFE
MILK_0664,2026-09-10T15:00:00,329,6.63,4.47,0.54,8.84,1.54,58,5,5,1,1476.61,0.0442,0.0,UNSAFE
MILK_0665,2026-09-11T00:00:00,379,7.36,4.52,0.65,11.34,1.61,72,4,4,1,1718.9,0.7392,0.0,UNSAFE
MILK_0666,2026-08-24T05:00:00,220,4.97,4.02,2.11,5.24,0.51,0,0,0,0,888.01,0.1358,114.21,SAFE
MILK_0667,2026-08-28T15:00:00,378,6.25,6.98,3.88,9.84,1.02,313,62,46,4,2645.31,-0.0656,0.0,UNSAFE
MILK_0668,2026-08-22T00:00:00,322,4.61,4.33,0.5,9.1,1.49,45,4,4,1,1399.74,0.4226,0.0,UNSAFE
MILK_0669,2026-08-20T22:00:00,239,3.25,3.98,2.93,5.16,0.46,0,0,0,0,954.26,-0.3221,96.32,SAFE
MILK_0670,2026-08-14T05:00:00,132,4.02,4.56,1.05,7.92,1.4,18,0,0,0,606.06,0.315,192.92,SAFE
MILK_0671,2026-08-15T04:00:00,109,3.85,4.85,2.07,9.0,1.43,24,2,2,1,533.34,0.3168,213.74,SAFE
MILK_0672,2026-08-25T11:00:00,302,6.01,4.47,0.5,8.33,1.57,52,4,4,1,1355.73,0.7353,12.02,CAUTION
MILK_0673,2026-08-22T00:00:00,154,4.69,4.39,2.87,16.89,2.21,7,7,1,7,679.87,0.1323,167.23,SAFE
MILK_0674,2026-08-21T09:00:00,92,11.81,11.91,5.59,19.62,2.89,90,85,9,18,1107.77,-0.4723,102.64,SAFE
MILK_0675,2026-09-09T13:00:00,319,3.4,4.01,2.61,5.44,0.49,0,0,0,0,1282.76,-0.1367,15.24,CAUTION
MILK_0676,2026-08-06T20:00:00,36,4.28,5.81,2.93,16.95,4.05,6,6,1,6,214.97,0.0158,284.72,SAFE
MILK_0677,2026-09-09T16:00:00,293,4.47,3.98,2.86,5.1,0.48,0,0,0,0,1170.86,0.1435,42.15,CAUTION
MILK_0678,2026-09-14T17:00:00,374,3.59,3.97,2.42,5.34,0.5,0,0,0,0,1489.54,-0.087,0.0,UNSAFE
MILK_0679,2026-08-31T17:00:00,73,4.02,3.95,2.84,5.15,0.46,0,0,0,0,292.15,0.1557,262.33,SAFE
MILK_0680,2026-08-26T18:00:00,400,9.2,6.98,4.57,10.34,0.95,336,57,52,2,2797.48,0.4753,0.0,UNSAFE
MILK_0681,2026-08-16T08:00:00,240,5.58,4.52,0.5,7.95,1.52,39,0,0,0,1088.78,0.1436,77.37,SAFE
MILK_0682,2026-09-02T05:00:00,85,5.36,4.1,1.38,7.53,1.3,4,0,0,0,352.31,0.4196,248.2,SAFE
MILK_0683,2026-08-29T21:00:00,56,3.47,5.72,3.15,18.9,4.11,9,9,1,9,325.86,-0.0719,257.3,SAFE
MILK_0684,2026-08-16T10:00:00,23,4.25,4.08,3.03,4.86,0.49,0,0,0,0,97.87,-0.1458,311.76,SAFE
MILK_0685,2026-08-22T21:00:00,212,4.14,4.04,2.84,5.58,0.49,0,0,0,0,859.46,-0.2684,121.86,SAFE
MILK_0686,2026-08-22T21:00:00,130,4.41,3.99,2.63,6.15,0.56,1,0,0,0,522.6,-0.0021,204.9,SAFE
MILK_0687,2026-08-21T11:00:00,201,3.58,4.02,2.59,5.33,0.5,0,0,0,0,811.47,-0.1758,133.32,SAFE
MILK_0688,2026-08-15T05:00:00,173,4.07,4.03,2.53,5.57,0.5,0,0,0,0,702.07,0.0353,161.06,SAFE
MILK_0689,2026-09-14T18:00:00,375,5.5,4.45,0.93,10.0,1.44,54,2,2,1,1674.71,0.2684,0.0,UNSAFE
MILK_0690,2026-08-24T22:00:00,84,4.11,4.4,2.64,17.0,2.22,3,3,1,3,373.94,0.0021,243.07,SAFE
MILK_0691,2026-08-25T21:00:00,366,2.14,4.56,0.5,8.59,1.52,73,2,2,1,1672.01,0.0045,0.0,UNSAFE
MILK_0692,2026-09-12T18:00:00,398,3.71,4.52,0.85,9.15,1.53,69,4,4,1,1803.82,0.1078,0.0,UNSAFE
MILK_0693,2026-09-02T14:00:00,239,3.28,4.49,0.5,8.73,1.59,37,6,6,1,1077.6,-0.0854,78.8,SAFE
MILK_0694,2026-08-22T02:00:00,50,3.52,3.9,2.77,5.27,0.56,0,0,0,0,198.83,-0.157,285.47,SAFE
MILK_0695,2026-08-06T08:00:00,120,2.81,4.58,0.71,8.29,1.54,20,1,1,1,553.73,0.4387,205.27,SAFE
MILK_0696,2026-09-08T06:00:00,290,4.72,4.05,2.3,6.11,0.5,1,0,0,0,1178.3,0.2084,42.98,CAUTION
MILK_0697,2026-09-14T08:00:00,321,3.41,4.05,2.65,5.26,0.5,0,0,0,0,1304.81,-0.279,11.65,CAUTION
MILK_0698,2026-08-20T07:00:00,66,7.24,6.96,4.15,9.2,1.03,54,11,10,2,466.51,-0.096,242.63,SAFE
MILK_0699,2026-08-30T20:00:00,131,1.56,4.35,1.3,7.19,1.36,16,0,0,0,574.55,-0.4362,197.27,SAFE
MILK_0700,2026-08-11T13:00:00,34,3.24,4.15,3.13,4.97,0.53,0,0,0,0,145.21,-0.2007,300.36,SAFE
MILK_0701,2026-08-22T14:00:00,337,1.85,4.61,0.5,9.04,1.6,64,9,8,2,1558.41,-0.8592,0.0,UNSAFE
MILK_0702,2026-09-05T23:00:00,244,4.22,4.08,3.0,5.41,0.46,0,0,0,0,1000.42,0.0389,88.43,SAFE
MILK_0703,2026-08-14T04:00:00,265,1.31,4.45,0.5,9.28,1.55,37,4,4,1,1183.48,-0.5421,52.42,CAUTION
MILK_0704,2026-08-21T11:00:00,18,14.42,7.46,2.92,18.45,5.42,6,6,1,6,141.69,-0.5515,302.08,SAFE
MILK_0705,2026-08-12T09:00:00,83,7.01,7.07,5.11,8.91,0.96,70,19,16,2,593.47,0.1809,217.71,SAFE
MILK_0706,2026-08-10T23:00:00,10,4.26,4.13,3.12,5.18,0.55,0,0,0,0,45.38,-0.0005,324.83,SAFE
MILK_0707,2026-08-26T00:00:00,133,3.41,4.07,2.67,5.2,0.48,0,0,0,0,544.84,-0.0865,200.84,SAFE
MILK_0708,2026-08-23T22:00:00,105,5.8,4.58,0.5,9.34,1.66,19,2,2,1,485.39,-0.0433,221.12,SAFE
MILK_0709,2026-08-25T02:00:00,53,4.1,3.92,2.81,5.26,0.52,0,0,0,0,211.74,0.0045,282.38,SAFE
MILK_0710,2026-08-19T07:00:00,44,6.48,4.48,0.93,7.3,1.46,10,0,0,0,201.53,0.8037,287.96,SAFE
MILK_0711,2026-09-12T16:00:00,288,4.14,4.31,2.79,15.75,1.8,9,9,1,9,1246.39,0.1204,28.46,CAUTION
MILK_0712,2026-08-18T13:00:00,20,1.22,4.18,1.22,6.89,1.53,3,0,0,0,87.86,-0.6599,314.27,SAFE
MILK_0713,2026-08-14T23:00:00,32,5.06,4.44,1.19,7.73,1.48,6,0,0,0,146.65,-0.5533,300.89,SAFE
MILK_0714,2026-08-29T21:00:00,201,3.93,4.52,1.11,8.66,1.46,32,3,3,1,912.43,-0.173,119.38,SAFE
MILK_0715,2026-08-10T17:00:00,18,4.68,4.63,1.77,6.87,1.41,3,0,0,0,88.0,0.6259,315.39,SAFE
MILK_0716,2026-08-19T20:00:00,186,4.39,4.11,2.82,5.29,0.49,0,0,0,0,768.97,0.1174,146.4,SAFE
MILK_0717,2026-08-23T09:00:00,346,4.51,3.99,2.46,5.17,0.46,0,0,0,0,1383.51,0.1854,0.0,UNSAFE
MILK_0718,2026-09-02T22:00:00,307,4.16,4.18,2.64,18.37,1.42,4,4,1,4,1288.31,0.342,15.67,CAUTION
MILK_0719,2026-08-14T12:00:00,289,7.86,4.73,0.69,8.81,1.57,56,6,6,1,1371.39,0.9959,17.14,CAUTION
MILK_0720,2026-08-15T23:00:00,99,3.96,4.66,3.06,17.97,2.65,6,6,1,6,465.95,-3.6716,221.49,SAFE
MILK_0721,2026-09-06T12:00:00,333,5.69,7.01,3.97,10.14,1.01,282,57,48,3,2341.48,-0.2636,0.0,UNSAFE
MILK_0722,2026-08-07T22:00:00,42,4.39,4.73,2.63,16.06,2.68,3,3,1,3,203.57,0.0975,286.47,SAFE
MILK_0723,2026-08-11T14:00:00,32,3.64,4.51,2.36,7.31,1.38,5,0,0,0,148.99,0.074,300.67,SAFE
MILK_0724,2026-08-27T13:00:00,31,3.8,4.46,1.22,7.47,1.56,7,0,0,0,142.6,-0.0184,301.85,SAFE
MILK_0725,2026-08-22T18:00:00,273,12.16,12.04,3.85,19.45,2.78,272,251,23,44,3298.57,0.1131,0.0,UNSAFE
MILK_0726,2026-08-24T05:00:00,252,4.08,4.0,2.75,5.43,0.49,0,0,0,0,1010.78,0.1244,82.77,SAFE
MILK_0727,2026-08-25T12:00:00,395,4.2,4.45,0.5,8.72,1.53,58,7,7,1,1761.22,-0.3069,0.0,UNSAFE
MILK_0728,2026-08-27T18:00:00,156,13.52,11.98,2.43,18.78,2.9,155,144,13,31,1880.63,0.6675,0.0,UNSAFE
MILK_0729,2026-08-26T10:00:00,345,4.75,4.02,2.61,5.61,0.5,0,0,0,0,1389.21,0.3232,0.0,UNSAFE
MILK_0730,2026-08-14T09:00:00,73,7.71,6.99,4.61,8.94,0.87,66,6,6,1,517.63,-0.0425,232.71,SAFE
MILK_0731,2026-09-05T04:00:00,233,3.42,4.03,2.88,5.6,0.49,0,0,0,0,942.39,-0.2927,100.96,SAFE
MILK_0732,2026-09-14T18:00:00,390,4.31,4.02,2.5,5.62,0.48,0,0,0,0,1570.31,-0.0543,0.0,UNSAFE
MILK_0733,2026-08-23T03:00:00,183,16.96,11.91,3.31,20.12,2.92,179,170,15,38,2191.85,1.0433,0.0,UNSAFE
MILK_0734,2026-08-21T19:00:00,364,3.61,4.54,0.5,9.47,1.43,54,4,4,1,1656.49,-0.0668,0.0,UNSAFE
MILK_0735,2026-08-27T22:00:00,275,3.28,4.51,1.12,8.28,1.49,49,3,3,1,1245.37,-0.4707,40.07,CAUTION
MILK_0736,2026-08-25T00:00:00,382,3.45,4.42,0.5,9.5,1.52,58,3,3,1,1692.76,0.1108,0.0,UNSAFE
MILK_0737,2026-08-23T16:00:00,230,1.98,4.54,0.5,8.75,1.42,39,2,2,1,1049.05,-0.4944,87.79,SAFE
MILK_0738,2026-09-01T06:00:00,289,4.16,4.16,2.89,14.84,1.31,5,5,1,5,1207.32,0.2889,36.45,CAUTION
MILK_0739,2026-08-11T11:00:00,177,3.34,4.61,0.5,9.35,1.44,27,1,1,1,820.95,0.3771,143.21,SAFE
MILK_0740,2026-08-29T07:00:00,166,2.69,4.42,0.5,8.03,1.51,29,2,2,1,738.36,-0.7312,158.65,SAFE
MILK_0741,2026-08-31T12:00:00,377,3.41,4.0,2.51,5.76,0.49,0,0,0,0,1511.2,-0.1141,0.0,UNSAFE
MILK_0742,2026-08-29T08:00:00,363,6.73,4.66,0.5,8.41,1.51,76,6,6,1,1697.04,0.1651,0.0,UNSAFE
MILK_0743,2026-08-25T09:00:00,238,4.08,4.36,2.45,15.89,2.04,8,8,1,8,1042.99,-0.1397,77.95,SAFE
MILK_0744,2026-09-10T23:00:00,324,3.02,4.4,0.5,9.67,1.38,43,1,1,1,1430.13,-0.188,0.0,UNSAFE
MILK_0745,2026-08-28T09:00:00,337,2.5,4.59,1.12,9.39,1.56,61,6,5,2,1551.35,0.2361,0.0,UNSAFE
MILK_0746,2026-08-28T01:00:00,48,5.3,4.31,1.48,7.17,1.23,4,0,0,0,211.02,0.7034,284.86,SAFE
MILK_0747,2026-08-31T21:00:00,217,4.6,4.04,2.87,5.43,0.51,0,0,0,0,881.54,-0.0512,116.61,SAFE
MILK_0748,2026-08-29T01:00:00,393,3.91,4.0,2.83,5.19,0.48,0,0,0,0,1576.19,-0.0686,0.0,UNSAFE
MILK_0749,2026-08-23T06:00:00,25,3.98,4.02,3.09,5.11,0.49,0,0,0,0,104.39,0.0424,309.92,SAFE
MILK_0750,2026-08-20T16:00:00,357,4.67,4.11,2.23,15.66,1.16,3,3,1,3,1471.27,0.1781,0.0,UNSAFE
MILK_0751,2026-08-10T12:00:00,130,3.78,3.97,2.99,5.02,0.46,0,0,0,0,519.59,-0.0248,205.32,SAFE
MILK_0752,2026-09-03T01:00:00,197,4.05,4.01,2.9,5.26,0.49,0,0,0,0,794.77,0.1131,137.4,SAFE
MILK_0753,2026-08-25T00:00:00,300,5.8,4.46,0.63,7.86,1.49,45,0,0,0,1343.36,0.0561,15.07,CAUTION
MILK_0754,2026-08-06T11:00:00,88,3.56,4.53,0.61,7.42,1.37,11,0,0,0,403.12,-0.2634,240.61,SAFE
MILK_0755,2026-08-30T21:00:00,199,4.72,4.38,0.5,7.55,1.34,25,0,0,0,875.59,0.2124,125.26,SAFE
MILK_0756,2026-08-29T06:00:00,400,5.46,4.5,0.5,9.34,1.53,63,4,4,1,1802.98,0.3346,0.0,UNSAFE
MILK_0757,2026-08-07T02:00:00,80,3.04,4.35,0.5,7.71,1.45,10,0,0,0,352.1,-0.2,250.78,SAFE
MILK_0758,2026-08-26T08:00:00,213,3.57,4.43,2.95,16.59,2.09,8,8,1,8,948.0,0.0308,102.81,SAFE
MILK_0759,2026-08-12T03:00:00,68,3.24,3.88,2.54,5.12,0.5,0,0,0,0,267.54,-0.08,267.82,SAFE
MILK_0760,2026-08-06T08:00:00,105,6.37,7.1,4.77,10.01,0.98,91,17,16,2,752.15,-0.0485,186.19,SAFE
MILK_0761,2026-08-25T08:00:00,208,3.65,3.97,2.63,5.22,0.52,0,0,0,0,830.15,-0.0127,127.3,SAFE
MILK_0762,2026-09-02T15:00:00,70,3.55,4.32,1.21,8.0,1.51,11,1,1,1,306.95,0.1105,261.39,SAFE
MILK_0763,2026-08-24T18:00:00,370,12.32,11.8,3.08,20.33,2.83,363,342,28,56,4379.01,0.968,0.0,UNSAFE
MILK_0764,2026-08-28T17:00:00,323,3.88,3.95,2.39,5.26,0.51,0,0,0,0,1279.34,-0.0855,13.32,CAUTION
MILK_0765,2026-08-21T19:00:00,261,4.36,4.13,2.86,13.5,1.09,3,3,1,3,1081.02,0.0125,67.81,CAUTION
MILK_0766,2026-08-15T03:00:00,241,5.82,4.5,0.97,8.52,1.4,31,1,1,1,1088.29,0.3928,77.37,SAFE
MILK_0767,2026-08-16T19:00:00,237,4.5,4.37,2.27,17.12,2.04,9,9,1,9,1040.54,0.1077,78.88,SAFE
MILK_0768,2026-09-06T01:00:00,351,7.96,4.66,0.5,8.12,1.44,64,2,2,1,1639.29,0.8936,0.0,UNSAFE
MILK_0769,2026-08-14T17:00:00,43,4.87,4.11,1.28,8.44,1.36,3,1,1,1,181.06,-0.343,290.93,SAFE
MILK_0770,2026-08-25T07:00:00,158,3.2,3.99,2.47,5.13,0.51,0,0,0,0,634.27,-0.2486,176.94,SAFE
MILK_0771,2026-09-02T03:00:00,90,7.06,4.63,1.36,8.12,1.47,18,3,3,1,421.43,0.1111,237.17,SAFE
MILK_0772,2026-09-08T06:00:00,368,6.8,7.03,4.12,10.07,1.01,318,61,50,3,2594.07,0.1146,0.0,UNSAFE
MILK_0773,2026-08-29T08:00:00,195,3.84,4.44,0.5,8.71,1.49,26,3,3,1,870.32,-0.2746,127.49,SAFE
MILK_0774,2026-08-20T07:00:00,72,4.18,5.31,2.62,15.62,3.51,9,9,1,9,387.62,-0.089,243.0,SAFE
MILK_0775,2026-08-16T05:00:00,262,3.91,4.47,0.5,7.93,1.53,45,0,0,0,1176.7,0.3947,55.02,CAUTION
MILK_0776,2026-08-13T16:00:00,293,5.65,4.5,0.5,9.67,1.5,47,3,3,1,1323.12,-0.0813,21.07,CAUTION
MILK_0777,2026-08-29T20:00:00,249,3.75,4.54,0.5,8.4,1.46,33,3,3,1,1135.67,-0.1004,67.22,CAUTION
MILK_0778,2026-08-29T21:00:00,76,3.2,4.4,1.22,8.42,1.39,9,1,1,1,338.55,-0.0554,254.62,SAFE
MILK_0779,2026-08-21T21:00:00,43,5.81,4.41,0.55,7.28,1.42,4,0,0,0,194.04,0.9402,289.42,SAFE
MILK_0780,2026-08-26T05:00:00,377,4.49,4.03,2.42,5.5,0.51,0,0,0,0,1522.03,0.128,0.0,UNSAFE
MILK_0781,2026-09-05T06:00:00,279,4.47,4.48,0.94,8.33,1.52,46,2,2,1,1254.69,-0.1547,36.7,CAUTION
MILK_0782,2026-08-27T05:00:00,304,3.11,4.13,2.03,18.77,1.51,4,4,1,4,1259.02,0.0234,19.87,CAUTION
MILK_0783,2026-08-13T19:00:00,47,7.82,12.47,5.07,19.05,3.3,46,42,4,16,598.8,-1.3791,206.33,SAFE
MILK_0784,2026-08-30T12:00:00,358,7.7,4.4,0.5,9.83,1.57,59,5,5,1,1581.18,0.4983,0.0,UNSAFE
MILK_0785,2026-08-20T14:00:00,75,7.17,7.1,4.41,9.13,0.95,68,14,11,2,539.52,0.4753,228.59,SAFE
MILK_0786,2026-09-12T18:00:00,337,4.29,4.66,0.5,10.16,1.65,65,9,9,1,1575.85,-0.2948,0.0,UNSAFE
MILK_0787,2026-08-22T09:00:00,76,7.11,7.07,4.06,9.26,0.95,66,12,9,2,544.09,-0.2859,227.58,SAFE
MILK_0788,2026-08-16T06:00:00,38,1.92,4.49,0.5,8.5,1.79,8,1,1,1,175.15,0.131,294.04,SAFE
MILK_0789,2026-09-07T14:00:00,275,3.73,4.02,2.83,5.51,0.49,0,0,0,0,1110.03,-0.2048,58.93,CAUTION
MILK_0790,2026-08-09T07:00:00,94,4.38,4.57,2.6,16.43,2.38,5,5,1,5,434.52,-0.0343,229.81,SAFE
MILK_0791,2026-09-05T03:00:00,125,3.66,4.09,2.74,5.3,0.51,0,0,0,0,515.49,-0.0682,208.53,SAFE
MILK_0792,2026-08-19T03:00:00,155,3.49,4.45,0.5,8.54,1.53,26,2,2,1,694.05,0.3093,169.75,SAFE
MILK_0793,2026-09-02T20:00:00,138,4.3,3.99,2.85,5.64,0.51,0,0,0,0,554.58,0.2292,196.93,SAFE
MILK_0794,2026-08-20T00:00:00,292,3.85,4.17,2.67,17.3,1.41,4,4,1,4,1220.93,0.0464,32.08,CAUTION
MILK_0795,2026-09-03T21:00:00,324,3.73,4.1,2.53,17.81,1.2,3,3,1,3,1333.74,0.0145,2.9,CAUTION
MILK_0796,2026-08-21T20:00:00,96,8.37,11.85,6.01,18.63,2.79,97,88,10,32,1149.72,-0.4053,94.94,SAFE
MILK_0797,2026-08-23T10:00:00,88,4.4,3.95,2.69,5.09,0.47,0,0,0,0,351.74,0.0179,247.35,SAFE
MILK_0798,2026-08-20T14:00:00,329,4.58,4.24,2.69,20.85,1.6,5,5,1,5,1398.85,0.0993,0.0,UNSAFE
MILK_0799,2026-08-29T01:00:00,31,3.49,4.95,2.97,14.49,2.89,3,3,1,3,158.36,-0.1679,298.05,SAFE
MILK_0800,2026-08-15T13:00:00,305,5.33,4.4,0.5,8.89,1.47,38,6,6,1,1346.69,0.6003,11.96,CAUTION
MILK_0801,2026-08-14T17:00:00,117,4.23,4.48,2.84,15.6,2.39,7,7,1,7,528.8,0.1161,205.47,SAFE
MILK_0802,2026-08-28T20:00:00,337,3.34,4.02,2.71,5.41,0.52,0,0,0,0,1359.86,-0.3812,0.0,UNSAFE
MILK_0803,2026-08-15T10:00:00,331,7.66,6.99,4.11,9.41,1.0,283,53,45,4,2319.5,0.2421,0.0,UNSAFE
MILK_0804,2026-09-01T11:00:00,338,4.57,4.01,2.21,5.77,0.53,0,0,0,0,1358.17,-0.0512,0.0,UNSAFE
MILK_0805,2026-09-11T02:00:00,257,7.46,6.97,4.61,10.49,1.0,211,41,33,3,1798.29,0.5574,0.0,UNSAFE
MILK_0806,2026-08-17T22:00:00,217,4.11,4.03,2.4,5.19,0.49,0,0,0,0,877.84,0.1379,117.04,SAFE
MILK_0807,2026-08-12T13:00:00,47,3.13,4.0,3.02,5.2,0.48,0,0,0,0,191.81,-0.2282,287.95,SAFE
MILK_0808,2026-08-26T19:00:00,90,4.1,4.75,1.05,8.31,1.41,18,1,1,1,432.18,-0.3991,236.01,SAFE
MILK_0809,2026-08-26T06:00:00,257,4.45,4.02,2.38,5.06,0.47,0,0,0,0,1035.89,0.0148,77.23,SAFE
MILK_0810,2026-08-22T22:00:00,184,3.1,4.0,2.87,5.22,0.49,0,0,0,0,739.85,-0.3167,150.74,SAFE
MILK_0811,2026-08-27T06:00:00,170,5.79,6.97,4.75,9.77,0.99,139,27,21,3,1192.66,-0.4173,97.48,SAFE
MILK_0812,2026-09-05T03:00:00,173,3.56,4.49,0.98,8.56,1.43,28,2,2,1,781.44,-0.3451,150.06,SAFE
MILK_0813,2026-09-02T09:00:00,214,5.23,4.58,0.5,8.84,1.45,32,1,1,1,985.17,-0.3636,103.91,SAFE
MILK_0814,2026-08-16T20:00:00,273,3.49,4.42,0.57,8.31,1.52,44,2,2,1,1210.95,-1.288,45.1,CAUTION
MILK_0815,2026-08-25T08:00:00,173,6.38,6.95,4.19,8.98,0.96,148,27,23,3,1209.78,-0.5061,94.0,SAFE
MILK_0816,2026-08-11T14:00:00,72,4.39,4.45,0.91,9.27,1.61,15,2,2,1,325.18,0.505,258.02,SAFE
MILK_0817,2026-08-15T06:00:00,136,7.84,7.06,4.78,9.31,0.92,122,22,19,2,967.41,-0.0657,143.24,SAFE
MILK_0818,2026-08-06T14:00:00,35,3.23,4.5,1.77,7.46,1.51,7,0,0,0,161.98,-0.2305,297.44,SAFE
MILK_0819,2026-08-24T01:00:00,325,3.74,4.59,0.5,9.41,1.57,62,3,3,1,1495.29,0.3421,0.0,UNSAFE
MILK_0820,2026-08-18T02:00:00,91,4.84,4.65,1.04,7.91,1.4,20,0,0,0,427.86,-0.1142,236.0,SAFE
MILK_0821,2026-09-09T03:00:00,305,4.89,4.01,2.76,5.34,0.47,0,0,0,0,1225.59,0.2112,29.42,CAUTION
MILK_0822,2026-08-28T21:00:00,107,2.62,4.3,2.62,18.04,2.0,4,4,1,4,464.16,-3.2144,220.24,SAFE
MILK_0823,2026-08-27T01:00:00,249,4.7,3.97,2.47,5.59,0.49,0,0,0,0,992.71,-0.1096,86.43,SAFE
MILK_0824,2026-08-27T09:00:00,264,11.51,12.31,3.86,20.29,2.9,259,252,13,109,3261.47,-0.3332,0.0,UNSAFE
MILK_0825,2026-08-09T21:00:00,211,6.74,7.01,4.25,10.09,1.0,178,30,25,3,1487.11,-0.3344,38.97,CAUTION
MILK_0826,2026-08-23T03:00:00,133,4.19,4.58,2.89,16.63,2.37,7,7,1,7,614.27,0.0468,186.05,SAFE
MILK_0827,2026-08-13T12:00:00,35,12.65,11.72,6.03,16.58,2.63,36,33,4,16,422.02,-0.5683,248.43,SAFE
MILK_0828,2026-08-23T18:00:00,315,7.36,6.91,4.0,9.82,0.98,253,39,36,2,2184.96,-0.1304,0.0,UNSAFE
MILK_0829,2026-09-13T14:00:00,354,3.28,4.04,2.29,5.6,0.52,0,0,0,0,1433.5,-0.1652,0.0,UNSAFE
MILK_0830,2026-08-28T05:00:00,284,3.58,4.0,2.5,5.43,0.51,0,0,0,0,1138.83,0.1141,50.67,CAUTION
MILK_0831,2026-08-10T17:00:00,230,7.88,6.91,4.16,9.77,0.99,184,32,29,2,1597.34,0.1363,15.93,CAUTION
MILK_0832,2026-08-21T06:00:00,382,3.27,4.27,2.57,16.01,1.68,9,9,1,9,1637.23,-0.1854,0.0,UNSAFE
MILK_0833,2026-08-14T20:00:00,33,4.82,4.63,2.8,6.8,0.93,2,0,0,0,157.52,0.1351,299.36,SAFE
MILK_0834,2026-08-25T14:00:00,301,3.63,4.0,2.9,5.36,0.51,0,0,0,0,1207.53,-0.0641,33.57,CAUTION
MILK_0835,2026-08-26T09:00:00,195,3.84,4.03,2.3,5.5,0.52,0,0,0,0,789.7,0.1416,139.05,SAFE
MILK_0836,2026-08-20T08:00:00,47,7.4,7.19,5.15,9.26,0.94,43,11,10,2,345.16,0.1764,267.48,SAFE
MILK_0837,2026-08-23T16:00:00,240,4.22,4.42,0.8,8.29,1.55,41,3,3,1,1066.07,0.6569,79.82,SAFE
MILK_0838,2026-09-01T02:00:00,153,2.83,4.29,0.5,9.31,1.52,19,3,3,1,661.02,0.1594,174.73,SAFE
MILK_0839,2026-09-11T17:00:00,358,3.69,4.53,0.5,9.39,1.48,56,4,4,1,1626.34,-0.1701,0.0,UNSAFE
MILK_0840,2026-08-23T06:00:00,75,4.63,4.31,0.5,7.61,1.36,8,0,0,0,327.26,0.5123,256.52,SAFE
MILK_0841,2026-08-12T21:00:00,201,4.59,4.46,2.48,18.75,2.24,7,7,1,7,900.51,-0.0073,113.29,SAFE
MILK_0842,2026-09-16T23:00:00,396,3.82,4.0,2.42,5.4,0.49,0,0,0,0,1586.65,-0.0277,0.0,UNSAFE
MILK_0843,2026-08-18T12:00:00,318,8.57,7.09,3.65,9.84,1.0,275,63,55,3,2261.06,0.2372,0.0,UNSAFE
MILK_0844,2026-08-28T14:00:00,266,4.5,4.03,2.76,5.15,0.49,0,0,0,0,1076.96,0.105,67.63,CAUTION
MILK_0845,2026-08-03T06:00:00,29,2.98,4.59,2.63,7.38,1.13,4,0,0,0,137.85,-0.4216,303.72,SAFE
MILK_0846,2026-08-13T10:00:00,180,3.1,3.94,2.48,5.31,0.51,0,0,0,0,712.73,-0.2323,155.95,SAFE
MILK_0847,2026-09-07T02:00:00,275,8.5,7.0,3.62,9.83,1.01,238,42,36,3,1932.38,0.3116,0.0,UNSAFE
MILK_0848,2026-08-28T12:00:00,320,4.75,4.16,2.55,16.38,1.22,4,4,1,4,1336.1,-0.0134,5.05,CAUTION
MILK_0849,2026-08-19T00:00:00,173,2.42,4.4,0.79,8.61,1.65,33,3,3,1,765.04,-0.8065,151.23,SAFE
MILK_0850,2026-08-20T01:00:00,325,4.29,4.05,2.62,5.44,0.5,0,0,0,0,1319.02,0.201,7.86,CAUTION
MILK_0851,2026-09-06T10:00:00,313,3.6,3.98,2.49,5.43,0.49,0,0,0,0,1251.09,-0.0825,22.08,CAUTION
MILK_0852,2026-08-22T22:00:00,270,7.69,7.11,4.53,9.85,0.96,237,49,40,4,1925.5,-0.0342,0.0,UNSAFE
MILK_0853,2026-09-03T03:00:00,372,5.49,4.46,0.5,8.71,1.43,57,2,2,1,1664.76,0.2317,0.0,UNSAFE
MILK_0854,2026-08-29T22:00:00,253,4.23,4.01,2.61,5.26,0.47,0,0,0,0,1019.09,-0.0526,81.33,SAFE
MILK_0855,2026-09-04T06:00:00,198,15.15,12.32,4.62,19.71,3.01,195,182,16,33,2451.16,0.7409,0.0,UNSAFE
MILK_0856,2026-08-14T15:00:00,66,14.77,11.73,2.62,16.72,2.85,64,61,5,35,786.14,0.1684,171.88,SAFE
MILK_0857,2026-08-21T17:00:00,167,1.81,4.5,0.89,8.68,1.51,28,4,4,1,755.21,-0.6225,156.09,SAFE
MILK_0858,2026-09-11T01:00:00,362,4.47,4.08,2.49,18.13,1.25,3,3,1,3,1480.59,0.2842,0.0,UNSAFE
MILK_0859,2026-08-26T16:00:00,145,4.02,4.01,2.76,5.22,0.5,0,0,0,0,586.11,0.1027,189.55,SAFE
MILK_0860,2026-09-13T14:00:00,306,3.26,4.43,0.5,8.71,1.56,46,4,4,1,1359.32,0.1173,9.46,CAUTION
MILK_0861,2026-09-04T02:00:00,379,5.71,4.43,0.5,9.7,1.48,53,7,7,1,1684.82,-0.1548,0.0,UNSAFE
MILK_0862,2026-08-13T09:00:00,255,0.5,4.4,0.5,9.1,1.59,40,6,6,1,1125.26,-0.629,64.5,CAUTION
MILK_0863,2026-08-20T12:00:00,332,7.66,4.53,0.5,8.92,1.54,59,3,3,1,1508.47,1.0471,0.0,UNSAFE
MILK_0864,2026-09-02T07:00:00,204,4.89,4.47,0.9,8.91,1.49,34,2,2,1,916.78,-0.1016,117.17,SAFE
MILK_0865,2026-08-11T11:00:00,134,4.22,4.58,2.68,18.9,2.76,7,7,1,7,618.59,0.0151,181.46,SAFE
MILK_0866,2026-09-03T16:00:00,66,5.19,7.13,4.76,9.65,0.96,61,15,14,2,477.59,-0.3654,240.99,SAFE
MILK_0867,2026-08-16T19:00:00,235,4.46,4.27,2.74,17.28,1.84,6,6,1,6,1008.76,0.162,85.14,SAFE
MILK_0868,2026-08-20T16:00:00,363,4.43,4.17,2.46,19.04,1.51,6,6,1,6,1516.6,0.0724,0.0,UNSAFE
MILK_0869,2026-08-28T06:00:00,251,3.99,3.98,1.97,5.33,0.52,0,0,0,0,1004.09,-0.1046,84.02,SAFE
MILK_0870,2026-09-13T21:00:00,382,3.36,3.97,2.45,5.97,0.5,0,0,0,0,1519.05,-0.0921,0.0,UNSAFE
MILK_0871,2026-08-06T06:00:00,80,5.37,4.64,0.5,8.81,1.5,15,2,2,1,375.82,0.6253,247.91,SAFE
MILK_0872,2026-08-29T15:00:00,297,3.38,4.31,2.56,17.59,1.94,8,8,1,8,1285.42,-0.0163,16.6,CAUTION
MILK_0873,2026-08-25T02:00:00,202,5.74,4.51,0.5,8.47,1.66,44,1,1,1,914.98,0.115,117.8,SAFE
MILK_0874,2026-08-21T10:00:00,245,12.35,11.61,2.73,19.58,3.01,241,222,24,28,2857.04,0.9503,0.0,UNSAFE
MILK_0875,2026-09-07T10:00:00,185,3.96,4.0,2.92,4.94,0.45,0,0,0,0,744.41,0.0036,149.72,SAFE
MILK_0876,2026-09-02T07:00:00,356,4.24,4.04,2.72,5.51,0.5,0,0,0,0,1442.96,-0.0533,0.0,UNSAFE
MILK_0877,2026-09-09T21:00:00,358,3.28,4.25,2.34,20.47,1.89,9,9,1,9,1525.17,-0.1027,0.0,UNSAFE
MILK_0878,2026-09-05T18:00:00,322,3.89,4.17,2.66,18.71,1.4,4,4,1,4,1346.74,0.0767,0.89,CAUTION
MILK_0879,2026-09-06T15:00:00,152,3.91,3.99,2.63,5.12,0.49,0,0,0,0,611.12,0.0006,182.87,SAFE
MILK_0880,2026-08-23T14:00:00,125,4.12,3.92,2.62,5.0,0.46,0,0,0,0,493.61,0.0722,210.98,SAFE
MILK_0881,2026-09-06T22:00:00,157,3.75,3.95,2.65,5.17,0.52,0,0,0,0,624.68,-0.061,178.55,SAFE
MILK_0882,2026-09-07T09:00:00,363,6.84,4.53,0.5,9.47,1.49,62,3,3,1,1649.73,0.4709,0.0,UNSAFE
MILK_0883,2026-08-30T19:00:00,172,4.98,4.2,0.64,7.66,1.38,21,0,0,0,727.06,0.2258,157.07,SAFE
MILK_0884,2026-08-28T19:00:00,296,4.4,3.93,2.52,5.7,0.55,0,0,0,0,1168.3,0.2065,40.62,CAUTION
MILK_0885,2026-09-06T05:00:00,150,4.26,4.0,2.75,5.07,0.52,0,0,0,0,603.96,0.1781,184.76,SAFE
MILK_0886,2026-08-22T18:00:00,303,5.8,4.47,0.76,8.52,1.47,46,2,2,1,1357.99,0.4718,11.77,CAUTION
MILK_0887,2026-08-31T05:00:00,204,2.41,4.6,0.5,8.58,1.61,39,3,3,1,943.96,-0.3808,113.48,SAFE
MILK_0888,2026-09-06T06:00:00,186,1.8,4.47,0.74,8.65,1.47,29,1,1,1,835.5,-0.4478,136.57,SAFE
MILK_0889,2026-09-06T18:00:00,158,7.09,7.06,4.34,10.3,1.06,137,30,23,3,1122.48,0.0149,111.93,SAFE
MILK_0890,2026-08-18T00:00:00,375,7.63,6.98,4.39,9.89,0.91,325,50,39,3,2625.69,0.258,0.0,UNSAFE
MILK_0891,2026-08-13T07:00:00,236,4.03,3.97,2.35,5.41,0.48,0,0,0,0,941.88,0.2218,99.34,SAFE
MILK_0892,2026-09-06T16:00:00,392,3.31,4.49,0.5,8.57,1.55,60,6,6,1,1764.12,-0.3022,0.0,UNSAFE
MILK_0893,2026-08-20T23:00:00,113,5.87,4.55,0.5,8.16,1.46,16,1,1,1,518.38,0.5352,213.36,SAFE
MILK_0894,2026-09-02T21:00:00,148,4.96,4.64,0.5,9.49,1.72,32,4,4,1,690.98,0.6629,173.3,SAFE
MILK_0895,2026-09-14T23:00:00,366,4.01,4.03,2.61,5.41,0.47,0,0,0,0,1478.38,-0.0101,0.0,UNSAFE
MILK_0896,2026-08-11T21:00:00,65,3.9,4.01,3.04,4.86,0.4,0,0,0,0,264.34,0.0281,269.9,SAFE
MILK_0897,2026-09-02T21:00:00,310,7.02,4.42,0.5,9.29,1.45,40,4,4,1,1373.67,0.1989,6.27,CAUTION
MILK_0898,2026-08-09T18:00:00,35,6.18,4.26,0.5,8.32,1.91,8,1,1,1,153.21,0.8854,298.16,SAFE
MILK_0899,2026-08-27T21:00:00,125,4.95,4.38,0.65,7.63,1.37,17,0,0,0,551.98,0.3605,203.13,SAFE
MILK_0900,2026-08-22T19:00:00,36,1.65,3.7,0.5,6.93,1.57,3,0,0,0,136.84,-0.6611,299.67,SAFE
MILK_0901,2026-08-12T00:00:00,179,4.32,4.01,2.57,5.37,0.55,0,0,0,0,722.11,0.0816,155.44,SAFE
MILK_0902,2026-08-26T04:00:00,61,6.58,7.15,4.86,10.08,1.06,53,12,10,3,443.58,-0.3386,247.72,SAFE
MILK_0903,2026-08-22T16:00:00,12,12.47,7.65,3.36,17.9,5.47,4,4,1,4,99.44,1.4035,312.15,SAFE
MILK_0904,2026-08-25T09:00:00,253,3.83,4.37,2.73,18.49,2.12,8,8,1,8,1109.99,0.1123,60.03,CAUTION
MILK_0905,2026-08-14T15:00:00,174,2.14,4.38,0.57,8.45,1.63,36,2,2,1,766.27,-0.396,150.56,SAFE
MILK_0906,2026-08-12T12:00:00,40,3.88,3.98,2.37,4.93,0.54,0,0,0,0,163.15,-0.063,295.02,SAFE
MILK_0907,2026-09-13T09:00:00,343,3.88,4.04,2.53,5.17,0.47,0,0,0,0,1388.34,-0.0797,0.0,UNSAFE
MILK_0908,2026-08-31T02:00:00,283,4.21,4.03,2.43,5.23,0.48,0,0,0,0,1143.89,-0.0122,50.74,CAUTION
MILK_0909,2026-08-26T04:00:00,29,3.92,4.07,3.18,5.06,0.41,0,0,0,0,122.08,-0.0259,305.74,SAFE
MILK_0910,2026-09-08T12:00:00,223,3.7,4.17,2.81,15.46,1.26,3,3,1,3,934.67,0.0356,104.6,SAFE
MILK_0911,2026-09-07T11:00:00,263,4.74,4.53,0.5,8.96,1.61,47,5,5,1,1196.53,0.8514,51.73,CAUTION
MILK_0912,2026-08-13T13:00:00,158,5.33,4.47,0.95,8.98,1.45,20,1,1,1,710.92,-0.1078,166.4,SAFE
MILK_0913,2026-08-29T15:00:00,14,3.36,3.99,3.36,4.97,0.43,0,0,0,0,59.87,-0.1393,321.0,SAFE
MILK_0914,2026-08-24T00:00:00,318,3.59,3.97,2.66,5.52,0.52,0,0,0,0,1268.02,0.0001,17.36,CAUTION
MILK_0915,2026-08-10T21:00:00,155,3.94,4.76,0.5,8.64,1.5,32,3,3,1,742.94,-0.6618,164.04,SAFE
MILK_0916,2026-08-27T20:00:00,288,3.78,4.04,2.66,5.71,0.51,0,0,0,0,1166.2,-0.1497,45.43,CAUTION
MILK_0917,2026-08-20T21:00:00,78,4.36,4.11,3.11,5.31,0.48,0,0,0,0,324.93,0.0867,255.9,SAFE
MILK_0918,2026-09-08T01:00:00,249,6.54,4.4,1.25,8.48,1.48,34,3,3,1,1101.06,0.0636,71.18,CAUTION
MILK_0919,2026-08-12T01:00:00,67,6.0,6.93,4.9,9.82,0.93,57,6,4,2,471.18,-0.3475,241.7,SAFE
MILK_0920,2026-08-27T05:00:00,384,2.25,4.5,0.72,9.23,1.54,65,5,5,1,1732.39,-0.7794,0.0,UNSAFE
MILK_0921,2026-08-21T17:00:00,141,3.8,4.24,2.49,19.17,1.94,3,3,1,3,601.82,-0.0704,184.73,SAFE
MILK_0922,2026-08-31T03:00:00,161,4.17,4.56,1.16,8.93,1.48,27,3,3,1,738.23,0.2335,161.45,SAFE
MILK_0923,2026-09-05T10:00:00,397,5.17,4.4,0.5,8.69,1.58,57,1,1,1,1751.61,0.3569,0.0,UNSAFE
MILK_0924,2026-08-20T15:00:00,322,7.63,7.07,3.96,9.45,0.98,281,59,49,3,2282.8,-0.1215,0.0,UNSAFE
MILK_0925,2026-09-06T21:00:00,217,3.96,4.06,2.59,5.3,0.51,0,0,0,0,885.75,-0.1381,116.14,SAFE
MILK_0926,2026-09-07T22:00:00,273,3.38,4.01,2.55,5.29,0.48,0,0,0,0,1099.06,-0.2553,61.28,CAUTION
MILK_0927,2026-08-20T01:00:00,215,4.48,4.66,0.56,8.74,1.49,41,2,2,1,1005.49,-0.6338,100.74,SAFE
MILK_0928,2026-08-26T11:00:00,104,3.35,3.96,2.74,5.28,0.57,0,0,0,0,415.54,-0.1201,231.29,SAFE
MILK_0929,2026-08-12T22:00:00,175,4.14,4.42,1.53,7.76,1.32,25,0,0,0,777.83,-0.1446,149.75,SAFE
MILK_0930,2026-08-30T20:00:00,13,3.11,4.35,1.31,6.32,1.32,2,0,0,0,60.85,-0.6593,321.31,SAFE
MILK_0931,2026-08-14T22:00:00,130,5.08,4.18,0.5,7.18,1.51,18,0,0,0,548.09,1.0344,200.5,SAFE
MILK_0932,2026-08-22T18:00:00,178,4.8,4.44,0.73,8.12,1.38,22,1,1,1,795.28,0.2569,145.94,SAFE
MILK_0933,2026-08-26T14:00:00,380,3.58,3.95,2.45,5.79,0.5,0,0,0,0,1506.42,-0.3775,0.0,UNSAFE
MILK_0934,2026-08-24T23:00:00,143,2.92,4.51,1.35,8.11,1.4,23,2,2,1,650.12,-0.203,181.8,SAFE
MILK_0935,2026-09-05T15:00:00,364,3.4,4.02,2.41,5.8,0.53,0,0,0,0,1467.43,-0.3086,0.0,UNSAFE
MILK_0936,2026-08-22T16:00:00,351,4.99,4.63,0.79,8.76,1.41,55,2,2,1,1629.11,0.1173,0.0,UNSAFE
MILK_0937,2026-08-11T13:00:00,167,3.76,4.43,2.6,18.22,2.18,6,6,1,6,744.63,-0.0252,151.95,SAFE
MILK_0938,2026-09-07T02:00:00,370,6.28,4.35,0.5,9.82,1.44,46,3,3,1,1612.98,0.009,0.0,UNSAFE
MILK_0939,2026-09-09T12:00:00,363,4.62,4.46,0.5,8.6,1.58,67,5,4,2,1624.14,0.2477,0.0,UNSAFE
MILK_0940,2026-08-11T13:00:00,161,5.35,4.5,0.5,8.47,1.55,31,1,1,1,729.12,0.2453,162.33,SAFE
MILK_0941,2026-08-17T22:00:00,123,3.59,4.37,2.59,17.41,2.13,4,4,1,4,542.38,-0.1288,201.38,SAFE
MILK_0942,2026-08-26T06:00:00,242,8.5,6.98,3.97,10.0,1.07,199,41,36,2,1696.26,0.1644,0.0,UNSAFE
MILK_0943,2026-09-02T04:00:00,201,3.62,4.52,2.71,18.27,2.27,8,8,1,8,912.24,-0.1183,111.97,SAFE
MILK_0944,2026-09-04T04:00:00,397,3.67,3.97,2.51,5.65,0.49,0,0,0,0,1578.85,-0.058,0.0,UNSAFE
MILK_0945,2026-08-23T22:00:00,121,7.94,7.03,3.28,9.67,0.93,105,19,16,2,858.16,0.8232,164.85,SAFE
MILK_0946,2026-09-09T05:00:00,358,3.56,4.01,2.31,5.2,0.5,0,0,0,0,1440.05,-0.0521,0.0,UNSAFE
MILK_0947,2026-08-27T22:00:00,51,5.79,6.7,4.57,8.59,0.97,36,2,2,1,348.15,-0.131,265.69,SAFE
MILK_0948,2026-08-29T06:00:00,280,4.01,3.98,2.74,5.46,0.52,0,0,0,0,1117.24,0.108,55.29,CAUTION
MILK_0949,2026-08-25T12:00:00,49,8.18,7.13,5.04,9.86,1.05,41,11,7,3,356.75,0.5955,264.96,SAFE
MILK_0950,2026-09-02T13:00:00,67,13.18,11.93,4.36,21.03,2.97,67,61,8,30,811.54,0.0038,164.41,SAFE
MILK_0951,2026-08-13T21:00:00,268,6.51,6.98,3.87,10.0,1.03,231,46,35,3,1877.48,-0.0955,0.0,UNSAFE
MILK_0952,2026-08-19T14:00:00,284,4.3,4.46,0.55,9.97,1.49,41,2,2,1,1270.01,-1.0037,32.26,CAUTION
MILK_0953,2026-08-12T14:00:00,177,3.97,4.56,0.5,9.97,1.65,34,3,3,1,811.45,-0.3941,143.59,SAFE
MILK_0954,2026-09-07T12:00:00,236,4.47,4.34,2.83,18.19,2.11,8,8,1,8,1027.62,-0.013,79.75,SAFE
MILK_0955,2026-08-20T18:00:00,308,3.84,4.05,2.67,5.53,0.52,0,0,0,0,1252.7,0.1825,24.65,CAUTION
MILK_0956,2026-08-27T09:00:00,271,3.22,4.6,0.8,8.17,1.51,48,2,2,1,1250.05,0.3306,41.59,CAUTION
MILK_0957,2026-08-25T03:00:00,242,3.59,4.44,0.5,7.81,1.46,36,0,0,0,1080.09,0.0254,77.54,SAFE
MILK_0958,2026-08-14T22:00:00,222,7.11,7.01,3.68,9.04,1.04,188,38,36,2,1563.44,0.3704,23.57,CAUTION
MILK_0959,2026-08-17T09:00:00,39,3.37,4.75,3.02,6.33,0.85,2,0,0,0,189.92,-0.4017,292.39,SAFE
MILK_0960,2026-09-02T08:00:00,354,3.77,3.95,2.8,5.53,0.5,0,0,0,0,1402.04,-0.1528,0.0,UNSAFE
MILK_0961,2026-09-11T05:00:00,380,6.95,6.87,4.71,9.26,0.95,310,43,37,4,2617.51,0.1929,0.0,UNSAFE
MILK_0962,2026-08-07T08:00:00,140,5.89,4.63,1.7,8.4,1.53,26,2,2,1,652.3,0.7503,182.78,SAFE
MILK_0963,2026-09-12T07:00:00,391,3.23,3.99,2.57,5.31,0.51,0,0,0,0,1565.46,0.1036,0.0,UNSAFE
MILK_0964,2026-08-09T17:00:00,47,6.6,7.22,5.7,9.44,0.82,46,7,5,2,346.69,-0.1567,267.33,SAFE
MILK_0965,2026-08-10T07:00:00,186,3.28,4.35,2.63,16.35,2.1,7,7,1,7,813.07,-0.1708,134.01,SAFE
MILK_0966,2026-08-12T13:00:00,251,4.24,4.22,2.71,15.96,1.47,5,5,1,5,1062.48,0.2212,73.11,SAFE
MILK_0967,2026-08-17T12:00:00,79,6.59,4.59,1.11,7.87,1.57,20,0,0,0,367.12,0.1607,249.4,SAFE
MILK_0968,2026-09-10T19:00:00,383,4.45,4.2,2.73,16.65,1.37,6,6,1,6,1611.45,0.0909,0.0,UNSAFE
MILK_0969,2026-08-22T11:00:00,239,4.64,4.35,1.0,8.73,1.52,35,1,1,1,1044.43,0.4582,82.99,SAFE
MILK_0970,2026-09-05T22:00:00,202,12.76,12.29,6.06,19.62,2.85,203,191,10,47,2494.98,-0.1782,0.0,UNSAFE
MILK_0971,2026-08-18T09:00:00,348,3.63,4.12,2.5,16.39,1.22,4,4,1,4,1437.16,0.1624,0.0,UNSAFE
MILK_0972,2026-08-24T09:00:00,70,4.88,4.73,0.5,7.6,1.43,13,0,0,0,336.17,0.0204,258.08,SAFE
MILK_0973,2026-08-15T12:00:00,211,4.15,3.98,2.08,5.78,0.53,0,0,0,0,843.67,0.1243,124.11,SAFE
MILK_0974,2026-09-02T02:00:00,382,3.42,4.28,2.45,18.71,1.88,9,9,1,9,1639.86,0.0417,0.0,UNSAFE
MILK_0975,2026-08-07T18:00:00,162,11.0,11.67,5.31,19.83,2.97,158,146,17,28,1903.0,-0.8926,0.0,UNSAFE
MILK_0976,2026-08-31T15:00:00,378,4.54,4.41,0.5,8.32,1.5,56,3,3,1,1671.17,0.6359,0.0,UNSAFE
MILK_0977,2026-08-30T07:00:00,282,5.76,4.5,0.64,8.22,1.58,48,3,3,1,1273.89,-0.1076,32.43,CAUTION
MILK_0978,2026-08-18T23:00:00,136,3.94,4.0,2.6,5.46,0.48,0,0,0,0,547.63,0.0223,198.85,SAFE
MILK_0979,2026-08-19T04:00:00,89,6.05,6.74,4.24,8.53,0.97,66,11,10,2,606.99,-0.5603,213.65,SAFE
MILK_0980,2026-08-25T03:00:00,381,3.41,4.44,0.5,9.1,1.61,68,7,7,1,1695.96,-0.116,0.0,UNSAFE
MILK_0981,2026-08-26T05:00:00,26,4.18,3.97,3.29,4.51,0.32,0,0,0,0,107.07,0.1403,309.09,SAFE
MILK_0982,2026-09-05T05:00:00,224,3.21,4.48,0.5,8.38,1.45,29,2,2,1,1007.89,-0.5916,95.82,SAFE
MILK_0983,2026-08-25T13:00:00,133,3.84,4.01,2.6,5.43,0.5,0,0,0,0,537.58,0.058,201.63,SAFE
MILK_0984,2026-08-09T15:00:00,61,5.55,4.09,0.5,6.72,1.51,6,0,0,0,253.68,-0.1361,272.52,SAFE
MILK_0985,2026-08-29T23:00:00,238,4.07,4.02,2.73,5.35,0.47,0,0,0,0,961.68,-0.1622,96.05,SAFE
MILK_0986,2026-09-05T07:00:00,370,5.06,4.51,0.5,10.4,1.54,57,5,5,1,1671.75,-0.5792,0.0,UNSAFE
MILK_0987,2026-09-02T16:00:00,135,4.75,7.05,4.71,10.65,1.05,116,18,17,2,958.32,-0.853,144.66,SAFE
MILK_0988,2026-09-02T00:00:00,215,3.8,4.21,2.13,15.0,1.39,4,4,1,4,908.32,-0.209,111.46,SAFE
MILK_0989,2026-09-03T18:00:00,396,4.69,4.48,0.5,8.81,1.5,57,4,4,1,1777.86,-0.0578,0.0,UNSAFE
MILK_0990,2026-08-31T10:00:00,81,4.77,4.64,2.57,17.07,2.76,5,5,1,5,380.75,0.1346,241.87,SAFE
MILK_0991,2026-08-21T15:00:00,304,4.98,4.31,2.31,16.19,1.76,7,7,1,7,1313.61,0.2059,11.54,CAUTION
MILK_0992,2026-08-28T03:00:00,174,3.9,4.02,2.7,5.34,0.48,0,0,0,0,702.73,-0.1121,160.46,SAFE
MILK_0993,2026-08-11T20:00:00,83,3.25,3.95,2.87,5.35,0.5,0,0,0,0,331.6,-0.214,252.36,SAFE
MILK_0994,2026-08-27T19:00:00,123,5.25,4.52,0.5,8.61,1.39,18,1,1,1,560.43,0.525,203.18,SAFE
MILK_0995,2026-08-20T15:00:00,150,7.43,6.83,4.37,9.46,0.97,124,17,16,2,1031.35,0.3972,128.76,SAFE
MILK_0996,2026-08-15T17:00:00,312,3.38,4.28,2.67,17.04,1.88,8,8,1,8,1340.79,-0.1773,2.43,CAUTION
MILK_0997,2026-09-03T19:00:00,294,3.85,4.01,2.85,5.29,0.5,0,0,0,0,1183.42,0.0067,40.17,CAUTION
MILK_0998,2026-08-23T19:00:00,186,3.81,4.5,2.6,16.83,2.38,8,8,1,8,841.6,-0.0707,128.03,SAFE
MILK_0999,2026-08-20T21:00:00,173,4.02,3.99,2.64,5.3,0.52,0,0,0,0,693.52,0.0274,161.99,SAFE
MILK_1000,2026-09-01T16:00:00,219,5.63,4.62,0.72,8.7,1.59,45,4,4,1,1016.68,0.1376,96.86,SAFE
MILK_1001,2026-08-13T19:00:00,202,9.62,11.69,4.67,20.56,2.87,200,180,22,25,2373.76,-0.3971,0.0,UNSAFE
MILK_1002,2026-08-17T05:00:00,252,4.24,4.48,0.5,9.01,1.61,43,2,2,1,1132.2,-0.6583,65.22,CAUTION
MILK_1003,2026-08-15T02:00:00,163,3.52,4.01,2.91,5.38,0.47,0,0,0,0,656.9,-0.2425,171.68,SAFE
MILK_1004,2026-09-01T09:00:00,83,4.4,4.34,2.5,14.48,1.69,3,3,1,3,364.52,0.2485,246.77,SAFE
MILK_1005,2026-08-27T20:00:00,223,4.8,4.54,1.06,8.37,1.51,34,2,2,1,1017.75,-0.0878,94.9,SAFE
MILK_1006,2026-08-21T22:00:00,78,5.57,4.67,2.94,17.42,2.62,4,4,1,4,368.94,0.2276,245.42,SAFE
MILK_1007,2026-08-16T17:00:00,179,3.45,4.31,1.12,8.2,1.36,20,1,1,1,776.28,0.0811,147.59,SAFE
MILK_1008,2026-08-31T02:00:00,240,3.9,4.21,2.65,18.36,1.77,5,5,1,5,1013.98,-0.0613,82.07,SAFE
MILK_1009,2026-08-19T13:00:00,380,4.46,3.98,2.2,5.4,0.49,0,0,0,0,1515.32,0.0606,0.0,UNSAFE
MILK_1010,2026-08-28T18:00:00,36,12.58,12.71,6.19,19.01,2.51,37,34,3,12,470.11,0.3492,236.08,SAFE
MILK_1011,2026-08-24T06:00:00,354,9.73,12.3,3.42,23.03,3.05,350,327,26,42,4364.98,0.4097,0.0,UNSAFE
MILK_1012,2026-08-22T01:00:00,30,4.77,4.32,1.34,6.27,1.2,1,0,0,0,133.93,0.3631,303.62,SAFE
MILK_1013,2026-09-01T12:00:00,106,4.37,4.07,3.03,4.86,0.43,0,0,0,0,435.59,-0.0394,228.04,SAFE
MILK_1014,2026-09-11T14:00:00,380,4.72,4.17,2.74,14.75,1.35,7,7,1,7,1588.54,0.2531,0.0,UNSAFE
MILK_1015,2026-08-12T11:00:00,116,4.95,3.99,2.34,5.41,0.58,0,0,0,0,466.7,0.3975,218.91,SAFE
MILK_1016,2026-09-04T07:00:00,165,8.22,7.01,3.98,10.35,1.06,134,27,24,2,1163.39,0.1786,103.4,SAFE
MILK_1017,2026-09-04T22:00:00,118,5.99,4.57,1.11,8.14,1.46,15,1,1,1,543.83,0.3172,207.67,SAFE
MILK_1018,2026-09-15T11:00:00,389,4.9,4.02,2.26,5.76,0.51,0,0,0,0,1567.89,0.2367,0.0,UNSAFE
MILK_1019,2026-08-21T11:00:00,396,4.71,4.01,2.34,5.37,0.51,0,0,0,0,1592.48,0.0625,0.0,UNSAFE
MILK_1020,2026-08-31T13:00:00,366,7.08,7.0,4.07,9.63,1.0,308,60,47,4,2569.2,-0.0648,0.0,UNSAFE
MILK_1021,2026-08-25T16:00:00,114,4.01,4.01,2.93,5.13,0.42,0,0,0,0,461.55,-0.1752,220.71,SAFE
MILK_1022,2026-08-25T11:00:00,292,4.63,4.33,2.56,18.23,2.25,9,9,1,9,1268.35,0.205,17.21,CAUTION
MILK_1023,2026-08-20T20:00:00,248,4.9,4.08,2.69,5.35,0.47,0,0,0,0,1014.84,0.2833,84.59,SAFE
MILK_1024,2026-08-26T21:00:00,193,4.12,4.29,2.58,16.58,1.82,5,5,1,5,832.0,-0.0314,129.73,SAFE
MILK_1025,2026-08-23T16:00:00,264,13.98,11.88,3.54,19.93,2.85,261,241,25,26,3148.64,0.1731,0.0,UNSAFE
MILK_1026,2026-08-30T22:00:00,379,3.5,4.49,0.5,9.01,1.36,51,2,2,1,1706.1,-0.0592,0.0,UNSAFE
MILK_1027,2026-08-21T04:00:00,114,6.51,4.47,0.92,7.61,1.52,21,0,0,0,514.26,0.4797,213.18,SAFE
MILK_1028,2026-08-21T15:00:00,221,8.41,11.94,3.67,20.15,3.05,217,200,21,23,2651.58,-0.7538,0.0,UNSAFE
MILK_1029,2026-08-07T21:00:00,123,4.82,4.51,1.3,9.55,1.51,26,1,1,1,559.03,-0.781,203.04,SAFE
MILK_1030,2026-08-24T22:00:00,18,3.81,7.97,3.31,18.52,5.35,7,7,1,7,151.41,-3.8545,300.62,SAFE
MILK_1031,2026-09-12T12:00:00,306,3.76,4.16,2.22,17.08,1.55,5,5,1,5,1276.91,-0.0988,16.52,CAUTION
MILK_1032,2026-08-12T16:00:00,178,4.11,4.42,2.13,17.88,2.22,6,6,1,6,791.2,-0.0596,139.79,SAFE
MILK_1033,2026-08-30T08:00:00,265,5.03,4.66,0.5,9.5,1.56,52,4,4,1,1239.93,-0.226,45.66,CAUTION
MILK_1034,2026-09-02T20:00:00,360,3.57,4.04,2.69,5.73,0.49,0,0,0,0,1457.46,-0.0695,0.0,UNSAFE
MILK_1035,2026-08-28T00:00:00,400,5.56,4.02,2.42,5.56,0.5,0,0,0,0,1611.49,0.3625,0.0,UNSAFE
MILK_1036,2026-09-12T11:00:00,380,8.06,4.6,0.5,8.51,1.53,65,5,5,1,1751.53,0.7903,0.0,UNSAFE
MILK_1037,2026-09-01T20:00:00,261,7.04,4.45,0.5,8.04,1.49,43,1,1,1,1164.89,0.5354,57.14,CAUTION
MILK_1038,2026-08-31T06:00:00,385,4.07,4.0,2.65,5.48,0.5,0,0,0,0,1543.7,0.252,0.0,UNSAFE
MILK_1039,2026-08-30T11:00:00,96,3.19,4.07,2.45,5.11,0.5,0,0,0,0,395.24,-0.1675,238.06,SAFE
MILK_1040,2026-08-18T00:00:00,289,2.39,4.53,0.5,8.03,1.47,47,1,1,1,1313.53,-0.439,24.61,CAUTION
MILK_1041,2026-08-28T04:00:00,287,3.51,4.01,2.79,5.35,0.47,0,0,0,0,1153.88,0.0754,47.41,CAUTION
MILK_1042,2026-09-01T15:00:00,278,3.58,3.99,2.68,5.37,0.5,0,0,0,0,1113.08,0.2715,56.89,CAUTION
MILK_1043,2026-08-16T18:00:00,352,3.42,3.99,2.91,5.39,0.48,0,0,0,0,1409.48,-0.0296,0.0,UNSAFE
MILK_1044,2026-08-11T05:00:00,221,5.29,4.41,0.5,8.51,1.6,36,4,4,1,980.07,0.5377,100.02,SAFE
MILK_1045,2026-08-11T04:00:00,128,3.26,4.0,2.74,5.33,0.5,0,0,0,0,516.07,-0.2088,206.8,SAFE
MILK_1046,2026-08-07T13:00:00,87,3.51,4.1,3.17,5.28,0.47,0,0,0,0,361.09,-0.1066,246.88,SAFE
MILK_1047,2026-08-12T10:00:00,268,4.7,4.49,0.89,8.75,1.51,47,4,4,1,1207.8,0.1506,48.17,CAUTION
MILK_1048,2026-08-17T03:00:00,40,6.01,7.06,4.27,9.96,1.16,36,9,6,2,289.43,-0.2748,278.16,SAFE
MILK_1049,2026-09-04T11:00:00,351,7.84,7.07,3.88,10.05,1.04,300,70,54,3,2487.4,-0.2123,0.0,UNSAFE
MILK_1050,2026-09-10T12:00:00,257,6.98,7.19,4.53,10.3,1.01,230,55,42,4,1853.92,0.056,0.0,UNSAFE
MILK_1051,2026-08-23T09:00:00,18,3.67,4.26,1.78,6.31,0.98,1,0,0,0,81.03,-0.1478,316.33,SAFE
MILK_1052,2026-08-13T21:00:00,292,3.6,3.97,2.68,5.47,0.48,0,0,0,0,1164.62,-0.0096,43.4,CAUTION
MILK_1053,2026-08-14T18:00:00,18,4.84,4.18,3.19,5.13,0.51,0,0,0,0,79.39,0.1972,316.59,SAFE
MILK_1054,2026-08-24T05:00:00,150,4.05,4.42,2.81,19.66,2.19,5,5,1,5,666.91,-1.8102,170.58,SAFE
MILK_1055,2026-08-16T23:00:00,367,3.76,4.0,2.26,5.48,0.52,0,0,0,0,1470.35,-0.0869,0.0,UNSAFE
MILK_1056,2026-08-26T18:00:00,101,9.39,11.99,4.63,18.72,2.96,101,94,9,23,1222.49,-0.1443,77.27,SAFE
MILK_1057,2026-08-15T17:00:00,278,1.18,4.64,0.92,8.98,1.52,54,6,6,1,1295.57,-0.184,32.33,CAUTION
MILK_1058,2026-08-09T19:00:00,108,6.05,4.48,1.04,8.39,1.51,12,2,1,2,487.82,0.1976,219.55,SAFE
MILK_1059,2026-08-26T11:00:00,139,4.55,3.99,2.81,5.51,0.5,0,0,0,0,558.33,0.2875,195.98,SAFE
MILK_1060,2026-09-02T13:00:00,146,4.26,4.46,0.5,8.9,1.43,21,1,1,1,655.76,-0.211,179.46,SAFE
MILK_1061,2026-08-28T14:00:00,50,4.01,4.07,3.03,5.48,0.43,0,0,0,0,207.81,-0.1133,284.52,SAFE
MILK_1062,2026-08-22T17:00:00,245,5.73,4.48,0.5,8.04,1.45,37,1,1,1,1102.12,0.5726,73.37,SAFE
MILK_1063,2026-09-03T13:00:00,366,4.09,4.14,2.1,17.06,1.35,5,5,1,5,1519.45,0.2705,0.0,UNSAFE
MILK_1064,2026-09-05T10:00:00,344,8.76,7.01,4.11,10.48,1.04,288,58,53,2,2419.85,0.6138,0.0,UNSAFE
MILK_1065,2026-09-14T10:00:00,398,4.37,4.15,2.83,18.91,1.26,3,3,1,3,1654.75,0.1552,0.0,UNSAFE
MILK_1066,2026-08-21T23:00:00,203,3.58,4.29,2.51,17.97,1.97,6,6,1,6,876.1,-0.0801,117.7,SAFE
MILK_1067,2026-08-03T10:00:00,14,1.87,3.76,1.87,5.18,0.85,0,0,0,0,56.39,-0.6798,321.33,SAFE
MILK_1068,2026-08-25T09:00:00,52,3.79,4.46,1.15,9.9,1.69,7,2,2,1,236.61,-0.158,279.21,SAFE
MILK_1069,2026-08-30T17:00:00,340,2.81,4.49,0.5,9.63,1.45,50,3,3,1,1529.81,-0.4183,0.0,UNSAFE
MILK_1070,2026-09-07T21:00:00,299,4.22,3.97,2.43,5.45,0.48,0,0,0,0,1192.11,-0.0111,36.45,CAUTION
MILK_1071,2026-09-08T19:00:00,280,7.46,4.66,0.58,8.63,1.56,60,3,3,1,1308.76,0.4798,29.49,CAUTION
MILK_1072,2026-09-04T08:00:00,127,3.93,4.84,2.58,17.96,3.01,9,9,1,9,619.51,-0.1771,183.91,SAFE
MILK_1073,2026-09-03T07:00:00,253,2.18,4.42,0.5,8.43,1.47,40,1,1,1,1122.38,-0.6862,66.56,CAUTION
MILK_1074,2026-08-11T01:00:00,48,3.89,3.98,2.58,4.97,0.51,0,0,0,0,194.78,0.1045,287.06,SAFE
MILK_1075,2026-09-03T08:00:00,288,3.28,4.18,2.75,16.33,1.34,4,4,1,4,1207.21,-0.1418,36.65,CAUTION
MILK_1076,2026-08-31T04:00:00,18,3.54,4.19,0.5,6.99,1.59,2,0,0,0,79.7,-0.3166,316.3,SAFE
MILK_1077,2026-09-13T04:00:00,310,4.08,4.31,2.37,16.81,1.96,9,9,1,9,1341.58,0.0937,2.78,CAUTION
MILK_1078,2026-09-05T19:00:00,213,5.09,4.26,0.6,8.34,1.45,22,2,2,1,912.29,0.031,112.88,SAFE
MILK_1079,2026-09-05T21:00:00,163,3.9,4.04,2.57,5.32,0.49,0,0,0,0,662.1,-0.1231,171.09,SAFE
MILK_1080,2026-08-12T07:00:00,133,6.09,4.62,1.13,8.99,1.55,24,2,2,1,618.87,0.831,190.45,SAFE
MILK_1081,2026-09-03T08:00:00,356,3.01,4.56,0.5,8.25,1.44,61,3,3,1,1626.98,-0.504,0.0,UNSAFE
MILK_1082,2026-09-06T04:00:00,179,4.99,4.56,0.65,8.08,1.4,26,2,2,1,821.48,0.2876,142.22,SAFE
MILK_1083,2026-08-17T08:00:00,81,2.9,3.96,2.9,4.97,0.47,0,0,0,0,324.98,-0.368,254.22,SAFE
MILK_1084,2026-09-11T18:00:00,380,4.2,4.01,2.7,5.6,0.49,0,0,0,0,1527.34,0.2515,0.0,UNSAFE
MILK_1085,2026-08-19T23:00:00,391,3.86,4.01,2.27,5.23,0.51,0,0,0,0,1572.84,-0.0088,0.0,UNSAFE
MILK_1086,2026-08-14T13:00:00,60,3.88,4.62,2.6,15.05,2.39,4,4,1,4,282.11,0.1077,267.52,SAFE
MILK_1087,2026-09-03T18:00:00,184,7.56,6.93,3.94,8.95,0.94,156,24,20,3,1281.51,0.4071,79.47,SAFE
MILK_1088,2026-09-02T21:00:00,314,3.51,4.02,2.49,5.44,0.48,0,0,0,0,1265.19,0.1399,19.98,CAUTION
MILK_1089,2026-08-14T11:00:00,25,3.88,3.92,2.96,4.87,0.48,0,0,0,0,102.04,0.2105,310.18,SAFE
MILK_1090,2026-08-31T08:00:00,240,4.86,4.51,0.5,8.81,1.52,40,4,3,2,1087.09,-0.0177,77.49,SAFE
MILK_1091,2026-08-24T07:00:00,192,8.15,7.13,4.41,9.65,1.04,170,40,29,3,1376.29,-0.1726,61.96,CAUTION
MILK_1092,2026-08-28T03:00:00,231,3.97,3.99,2.44,5.49,0.52,0,0,0,0,925.1,0.0293,103.95,SAFE
MILK_1093,2026-08-19T18:00:00,309,4.84,4.09,2.61,15.67,1.17,3,3,1,3,1268.17,0.187,19.16,CAUTION
MILK_1094,2026-09-01T12:00:00,161,3.9,4.58,2.24,18.22,2.59,8,8,1,8,741.31,-0.1308,152.64,SAFE
MILK_1095,2026-08-09T05:00:00,147,3.69,3.99,2.75,5.41,0.49,0,0,0,0,591.2,0.0372,187.87,SAFE
MILK_1096,2026-08-21T02:00:00,374,3.16,3.99,2.42,5.36,0.49,0,0,0,0,1498.06,-0.1304,0.0,UNSAFE
MILK_1097,2026-08-30T12:00:00,88,7.38,11.74,3.22,18.3,2.69,87,79,10,28,1044.86,-0.009,118.67,SAFE
MILK_1098,2026-08-31T16:00:00,172,3.38,4.04,2.59,5.19,0.54,0,0,0,0,698.36,-0.441,162.0,SAFE
MILK_1099,2026-08-14T11:00:00,56,3.06,4.02,2.78,5.06,0.46,0,0,0,0,228.87,-0.1876,278.83,SAFE
MILK_1100,2026-08-11T06:00:00,237,2.48,4.46,0.5,9.02,1.52,37,3,3,1,1061.62,0.0804,82.08,SAFE
MILK_1101,2026-08-14T22:00:00,62,4.25,4.01,2.83,5.05,0.49,0,0,0,0,252.37,0.0875,272.87,SAFE
MILK_1102,2026-08-09T11:00:00,105,4.17,4.0,2.67,5.3,0.54,0,0,0,0,423.88,-0.131,229.83,SAFE
MILK_1103,2026-08-26T21:00:00,295,3.88,4.06,2.56,5.51,0.54,0,0,0,0,1201.54,0.0429,37.55,CAUTION
MILK_1104,2026-08-27T18:00:00,218,6.8,4.45,0.68,9.25,1.48,29,2,2,1,974.64,0.7901,102.85,SAFE
MILK_1105,2026-08-06T07:00:00,55,4.7,4.57,1.3,7.56,1.41,10,0,0,0,255.68,-0.1826,275.69,SAFE
MILK_1106,2026-08-15T02:00:00,57,4.43,4.02,2.99,5.2,0.54,0,0,0,0,232.9,0.2672,277.8,SAFE
MILK_1107,2026-08-28T03:00:00,176,4.9,4.14,2.5,17.41,1.75,3,3,1,3,733.45,0.0421,150.78,SAFE
MILK_1108,2026-08-19T05:00:00,208,4.86,4.48,0.5,7.57,1.35,29,0,0,0,935.66,0.4011,113.37,SAFE
MILK_1109,2026-09-09T23:00:00,381,3.58,4.15,2.66,16.32,1.23,4,4,1,4,1586.21,-0.0477,0.0,UNSAFE
MILK_1110,2026-08-23T16:00:00,96,3.63,4.52,2.97,17.67,2.43,4,4,1,4,438.05,-0.1064,227.65,SAFE
MILK_1111,2026-08-12T04:00:00,164,3.93,4.53,0.5,9.42,1.54,30,3,3,1,747.39,-0.5606,158.55,SAFE
MILK_1112,2026-08-13T03:00:00,84,4.24,4.56,0.5,8.06,1.42,16,1,1,1,387.19,0.4142,244.56,SAFE
MILK_1113,2026-08-12T21:00:00,232,8.48,7.02,3.51,9.64,1.02,200,40,32,3,1636.77,0.4363,9.12,CAUTION
MILK_1114,2026-08-16T08:00:00,163,4.39,4.24,0.5,7.52,1.52,21,0,0,0,695.43,-0.4425,165.28,SAFE
MILK_1115,2026-08-24T04:00:00,194,5.25,4.61,1.31,8.57,1.42,38,2,2,1,899.68,0.4302,124.85,SAFE
MILK_1116,2026-08-25T02:00:00,379,4.27,4.04,2.8,5.41,0.5,0,0,0,0,1535.04,0.1842,0.0,UNSAFE
MILK_1117,2026-09-03T17:00:00,314,3.78,3.94,2.62,5.09,0.48,0,0,0,0,1241.02,0.027,22.65,CAUTION
MILK_1118,2026-08-30T10:00:00,244,4.13,4.66,1.13,8.47,1.46,44,1,1,1,1142.0,-0.4895,69.14,CAUTION
MILK_1119,2026-08-11T01:00:00,165,3.76,4.41,2.55,18.96,2.31,6,6,1,6,732.8,0.0252,153.41,SAFE
MILK_1120,2026-08-20T07:00:00,204,4.97,7.01,4.87,9.88,0.96,175,34,30,2,1437.78,-0.5553,48.94,CAUTION
MILK_1121,2026-09-05T05:00:00,235,3.9,3.95,2.46,5.26,0.46,0,0,0,0,933.14,0.0988,100.89,SAFE
MILK_1122,2026-08-25T20:00:00,343,3.85,4.12,2.28,15.99,1.25,4,4,1,4,1416.56,0.1879,0.0,UNSAFE
MILK_1123,2026-08-23T16:00:00,318,5.5,6.9,4.12,10.56,1.05,261,47,39,3,2199.63,-0.4233,0.0,UNSAFE
MILK_1124,2026-09-05T14:00:00,112,4.02,4.03,2.74,5.36,0.46,0,0,0,0,455.33,0.1003,222.49,SAFE
MILK_1125,2026-08-20T14:00:00,100,5.08,4.44,1.24,8.06,1.44,18,1,1,1,448.75,0.5093,228.59,SAFE
MILK_1126,2026-09-07T17:00:00,173,3.42,3.94,2.65,5.09,0.47,0,0,0,0,685.57,-0.1399,162.91,SAFE
MILK_1127,2026-08-26T04:00:00,365,3.01,4.53,0.5,9.13,1.49,61,5,5,1,1659.37,-0.6336,0.0,UNSAFE
MILK_1128,2026-09-03T07:00:00,304,3.96,3.98,2.58,5.46,0.52,0,0,0,0,1213.03,0.0268,31.28,CAUTION
MILK_1129,2026-09-02T15:00:00,176,5.41,4.36,0.68,7.94,1.4,22,0,0,0,771.19,0.4736,149.74,SAFE
MILK_1130,2026-08-22T03:00:00,211,5.75,4.43,0.5,8.76,1.62,39,4,4,1,938.75,-0.1128,110.24,SAFE
MILK_1131,2026-08-24T13:00:00,298,3.1,4.25,2.36,17.75,1.63,7,7,1,7,1271.26,-0.289,21.26,CAUTION
MILK_1132,2026-09-02T04:00:00,359,3.02,3.98,2.77,5.63,0.51,0,0,0,0,1433.18,-0.3092,0.0,UNSAFE
MILK_1133,2026-08-26T16:00:00,23,2.96,4.43,2.18,7.97,1.34,2,0,0,0,106.26,-0.4103,310.57,SAFE
MILK_1134,2026-09-11T05:00:00,246,4.4,4.14,2.69,18.07,1.6,4,4,1,4,1023.2,0.1026,78.96,SAFE
MILK_1135,2026-08-30T13:00:00,364,3.99,4.27,2.87,15.39,1.66,9,9,1,9,1559.76,-0.0985,0.0,UNSAFE
MILK_1136,2026-09-12T07:00:00,354,5.95,4.58,0.5,9.14,1.58,63,8,8,1,1625.16,0.7771,0.0,UNSAFE
MILK_1137,2026-08-30T02:00:00,334,3.77,4.15,2.42,16.64,1.29,4,4,1,4,1390.06,0.2707,0.0,UNSAFE
MILK_1138,2026-08-13T13:00:00,88,6.39,6.98,3.38,9.05,1.03,75,14,10,3,621.54,-0.1059,211.69,SAFE
MILK_1139,2026-09-01T00:00:00,203,3.78,4.36,2.63,17.77,1.99,6,6,1,6,889.44,0.0275,115.96,SAFE
MILK_1140,2026-09-02T11:00:00,308,3.48,4.48,0.5,8.48,1.5,50,2,2,1,1385.49,-0.8895,5.7,CAUTION
MILK_1141,2026-08-24T22:00:00,269,4.01,4.01,2.56,5.37,0.52,0,0,0,0,1082.72,0.2117,65.26,CAUTION
MILK_1142,2026-09-09T06:00:00,224,4.84,4.54,0.5,8.44,1.52,40,1,1,1,1020.77,0.4336,94.0,SAFE
MILK_1143,2026-08-26T03:00:00,194,3.17,3.97,2.73,5.32,0.47,0,0,0,0,773.82,-0.0281,141.41,SAFE
MILK_1144,2026-09-05T19:00:00,314,4.81,3.99,2.53,5.23,0.51,0,0,0,0,1256.13,0.1583,20.93,CAUTION
MILK_1145,2026-08-23T19:00:00,65,7.1,6.79,4.54,9.06,0.99,52,9,7,2,448.24,0.1623,245.77,SAFE
MILK_1146,2026-09-08T17:00:00,346,3.45,4.5,0.63,8.33,1.44,50,3,3,1,1562.36,-0.3134,0.0,UNSAFE
MILK_1147,2026-08-26T10:00:00,95,3.54,4.45,1.13,7.64,1.31,9,0,0,0,427.05,0.1401,234.11,SAFE
MILK_1148,2026-08-23T03:00:00,32,3.56,4.34,0.99,7.06,1.66,6,0,0,0,143.2,0.0691,301.19,SAFE
MILK_1149,2026-09-03T16:00:00,356,3.37,4.02,2.35,5.61,0.5,0,0,0,0,1436.39,-0.0287,0.0,UNSAFE
MILK_1150,2026-09-06T23:00:00,395,4.35,4.58,0.5,9.49,1.46,63,4,4,1,1813.62,-0.5965,0.0,UNSAFE
MILK_1151,2026-08-14T05:00:00,64,4.8,4.54,2.97,15.61,2.35,3,3,1,3,295.1,0.0214,263.63,SAFE
MILK_1152,2026-08-20T14:00:00,271,4.09,4.51,0.5,9.08,1.53,46,5,5,1,1227.86,0.85,44.05,CAUTION
MILK_1153,2026-09-05T23:00:00,295,6.17,6.92,4.09,10.04,0.95,249,39,31,3,2047.63,-0.0211,0.0,UNSAFE
MILK_1154,2026-09-01T14:00:00,304,5.42,4.62,0.5,8.92,1.54,57,4,4,1,1408.5,0.4931,4.89,CAUTION
MILK_1155,2026-08-16T23:00:00,201,5.21,6.88,4.53,9.44,1.02,161,29,27,2,1390.63,-0.3449,56.92,CAUTION
MILK_1156,2026-08-28T11:00:00,357,3.85,4.01,2.48,5.23,0.46,0,0,0,0,1436.87,-0.3409,0.0,UNSAFE
MILK_1157,2026-08-31T00:00:00,266,5.88,4.44,0.57,8.32,1.51,46,1,1,1,1184.5,0.1376,52.04,CAUTION
MILK_1158,2026-08-06T09:00:00,22,6.05,4.35,1.21,6.24,1.18,3,0,0,0,100.02,0.8516,311.9,SAFE
MILK_1159,2026-08-22T20:00:00,161,4.91,4.49,0.68,8.08,1.6,28,1,1,1,727.49,-0.1031,162.37,SAFE
MILK_1160,2026-08-16T23:00:00,69,5.28,4.35,0.5,7.42,1.36,8,0,0,0,304.27,-0.6457,262.47,SAFE
MILK_1161,2026-08-31T09:00:00,82,3.45,4.6,2.48,19.68,2.89,5,5,1,5,381.47,-0.1608,240.29,SAFE
MILK_1162,2026-08-16T09:00:00,115,3.62,4.53,1.12,7.67,1.38,13,0,0,0,524.92,-0.3138,211.7,SAFE
MILK_1163,2026-08-25T11:00:00,188,3.84,3.96,2.5,5.29,0.54,0,0,0,0,749.38,0.1809,147.39,SAFE
MILK_1164,2026-08-25T21:00:00,234,3.44,3.98,2.73,5.6,0.5,0,0,0,0,934.68,-0.0292,101.22,SAFE
MILK_1165,2026-09-03T23:00:00,241,4.44,4.13,2.56,18.23,1.49,3,3,1,3,999.88,0.2068,85.14,SAFE
MILK_1166,2026-08-25T14:00:00,373,5.58,4.45,0.5,8.38,1.44,55,3,3,1,1665.1,-0.1539,0.0,UNSAFE
MILK_1167,2026-08-11T17:00:00,185,3.96,4.6,0.5,8.77,1.47,27,2,2,1,855.64,0.5978,134.73,SAFE
MILK_1168,2026-09-04T23:00:00,356,3.06,4.41,0.5,9.11,1.49,47,5,5,1,1574.64,-0.0719,0.0,UNSAFE
MILK_1169,2026-09-11T10:00:00,389,5.18,4.48,0.5,8.43,1.56,63,4,4,1,1746.44,0.1847,0.0,UNSAFE
MILK_1170,2026-08-12T19:00:00,99,8.19,6.88,3.49,9.13,1.03,81,13,12,2,687.64,0.1493,197.97,SAFE
MILK_1171,2026-08-25T16:00:00,179,4.95,4.05,2.91,5.58,0.55,0,0,0,0,728.87,0.3341,154.69,SAFE
MILK_1172,2026-08-28T19:00:00,246,4.59,3.99,2.52,5.15,0.51,0,0,0,0,986.18,0.1888,88.82,SAFE
MILK_1173,2026-08-22T08:00:00,332,4.75,4.0,2.43,5.67,0.53,0,0,0,0,1333.65,-0.0373,2.26,CAUTION
MILK_1174,2026-08-20T06:00:00,337,8.4,6.95,4.3,9.82,0.92,287,42,38,2,2350.11,0.471,0.0,UNSAFE
MILK_1175,2026-08-31T09:00:00,212,11.48,11.78,4.65,22.05,3.19,206,183,27,29,2508.5,-0.3637,0.0,UNSAFE
MILK_1176,2026-08-15T11:00:00,324,7.39,6.87,3.91,9.45,1.03,264,41,34,2,2233.63,-0.0095,0.0,UNSAFE
MILK_1177,2026-09-08T06:00:00,240,4.78,4.22,2.55,14.92,1.61,6,6,1,6,1017.44,0.1426,83.51,SAFE
MILK_1178,2026-08-28T10:00:00,370,4.47,4.05,2.72,5.22,0.44,0,0,0,0,1503.86,0.0321,0.0,UNSAFE
MILK_1179,2026-08-13T14:00:00,152,2.99,4.35,0.5,7.94,1.45,20,0,0,0,664.98,-0.3172,175.05,SAFE
MILK_1180,2026-08-27T16:00:00,42,2.9,4.3,0.62,7.78,1.42,5,0,0,0,184.8,-0.4037,291.02,SAFE
MILK_1181,2026-08-30T23:00:00,284,3.06,4.02,2.63,5.39,0.56,0,0,0,0,1146.51,-0.1777,49.75,CAUTION
MILK_1182,2026-08-13T19:00:00,176,4.2,3.99,2.56,5.33,0.46,0,0,0,0,707.1,0.1949,158.87,SAFE
MILK_1183,2026-08-10T10:00:00,68,7.58,7.1,4.16,9.77,1.14,58,16,13,2,489.82,-0.1373,238.25,SAFE
MILK_1184,2026-08-20T17:00:00,260,4.45,3.96,2.62,5.3,0.47,0,0,0,0,1033.37,0.178,75.81,SAFE
MILK_1185,2026-08-24T22:00:00,170,6.61,7.02,4.61,10.46,0.96,150,26,21,2,1199.62,-0.2453,96.49,SAFE
MILK_1186,2026-09-02T22:00:00,322,7.47,6.9,4.34,9.61,0.99,265,43,37,2,2228.21,0.4726,0.0,UNSAFE
MILK_1187,2026-08-16T14:00:00,68,5.58,4.6,1.09,8.13,1.47,11,1,1,1,317.37,0.4529,261.34,SAFE
MILK_1188,2026-08-22T15:00:00,244,5.14,4.5,0.5,8.47,1.51,39,1,1,1,1102.38,0.1137,73.63,SAFE
MILK_1189,2026-09-03T23:00:00,354,4.24,4.54,1.08,10.83,1.42,52,3,3,1,1612.87,-0.087,0.0,UNSAFE
MILK_1190,2026-09-05T21:00:00,324,4.45,4.66,0.5,8.9,1.57,59,9,9,1,1513.32,-0.1195,0.0,UNSAFE
MILK_1191,2026-09-02T20:00:00,354,4.29,4.04,2.61,5.47,0.52,0,0,0,0,1433.85,0.1056,0.0,UNSAFE
MILK_1192,2026-08-08T08:00:00,70,3.14,4.46,0.58,8.03,1.71,12,1,1,1,316.58,-0.6036,259.99,SAFE
MILK_1193,2026-08-11T06:00:00,69,4.69,4.17,3.06,5.33,0.42,0,0,0,0,292.21,0.0892,264.57,SAFE
MILK_1194,2026-08-21T16:00:00,365,3.99,4.19,2.55,17.07,1.57,7,7,1,7,1532.22,0.161,0.0,UNSAFE
MILK_1195,2026-08-26T16:00:00,315,3.01,4.57,0.5,8.77,1.5,60,1,1,1,1443.64,0.18,0.0,UNSAFE
MILK_1196,2026-08-14T08:00:00,206,4.03,4.49,0.5,8.38,1.47,31,3,3,1,930.12,-0.3436,114.61,SAFE
MILK_1197,2026-08-25T00:00:00,259,5.93,6.95,4.77,10.82,0.95,221,34,32,2,1807.05,-0.1553,0.0,UNSAFE
MILK_1198,2026-09-05T22:00:00,365,3.87,3.95,2.67,5.72,0.5,0,0,0,0,1447.34,0.0016,0.0,UNSAFE
MILK_1199,2026-09-03T22:00:00,98,4.64,4.48,2.48,17.91,2.28,4,4,1,4,443.63,0.0418,226.63,SAFE
MILK_1200,2026-08-19T18:00:00,81,3.44,4.59,0.62,8.61,1.55,15,1,1,1,376.42,0.0499,247.23,SAFE
MILK_1201,2026-08-16T10:00:00,240,3.94,4.03,2.62,5.42,0.51,0,0,0,0,970.32,-0.1663,93.93,SAFE
MILK_1202,2026-08-28T02:00:00,193,5.18,4.38,0.5,7.58,1.4,24,0,0,0,850.56,-0.1342,131.25,SAFE
MILK_1203,2026-09-10T18:00:00,258,3.88,4.0,2.46,5.27,0.51,0,0,0,0,1035.46,0.1015,76.65,SAFE
MILK_1204,2026-08-13T20:00:00,206,3.0,4.47,0.91,8.24,1.54,33,2,2,1,924.27,-0.7999,115.0,SAFE
MILK_1205,2026-09-11T21:00:00,268,6.81,7.05,4.18,9.14,0.95,231,47,40,3,1896.22,-0.1739,0.0,UNSAFE
MILK_1206,2026-08-30T18:00:00,219,4.2,4.34,0.59,9.13,1.53,32,1,1,1,955.53,-0.0587,104.28,SAFE
MILK_1207,2026-08-31T21:00:00,222,3.33,4.46,2.51,17.32,2.28,9,9,1,9,994.05,-0.2724,90.31,SAFE
MILK_1208,2026-08-19T14:00:00,95,4.13,4.77,2.74,16.6,2.78,7,7,1,7,457.47,-0.0836,224.46,SAFE
MILK_1209,2026-08-07T22:00:00,159,4.27,3.98,2.75,5.47,0.44,0,0,0,0,637.49,0.1385,176.09,SAFE
MILK_1210,2026-08-07T13:00:00,125,5.23,4.37,0.59,7.05,1.44,15,0,0,0,551.07,0.3724,203.11,SAFE
MILK_1211,2026-08-22T09:00:00,96,4.42,4.01,3.05,5.19,0.48,0,0,0,0,388.85,0.1533,238.77,SAFE
MILK_1212,2026-09-07T01:00:00,299,4.65,4.6,0.61,9.41,1.51,57,2,2,1,1379.77,0.0239,11.15,CAUTION
MILK_1213,2026-09-05T18:00:00,291,5.47,4.54,0.5,9.86,1.46,44,2,2,1,1326.78,-0.0622,22.04,CAUTION
MILK_1214,2026-08-29T18:00:00,303,5.06,4.43,0.68,8.98,1.4,36,3,3,1,1346.23,0.5248,13.52,CAUTION
MILK_1215,2026-08-16T08:00:00,288,4.64,4.3,2.74,18.5,2.05,7,7,1,7,1243.12,0.1696,24.73,CAUTION
MILK_1216,2026-09-12T16:00:00,399,4.67,4.55,0.5,8.14,1.41,66,1,1,1,1821.76,0.2299,0.0,UNSAFE
MILK_1217,2026-09-05T15:00:00,289,3.9,4.33,2.55,18.12,1.8,6,6,1,6,1256.85,0.0017,25.71,CAUTION
MILK_1218,2026-08-19T07:00:00,344,4.53,4.0,2.42,5.22,0.51,0,0,0,0,1381.23,0.2085,0.0,UNSAFE
MILK_1219,2026-09-01T01:00:00,162,4.06,4.41,2.64,18.46,2.3,6,6,1,6,719.51,0.0104,156.61,SAFE
MILK_1220,2026-08-11T17:00:00,54,5.57,4.42,0.5,8.79,1.72,10,1,1,1,243.24,0.3663,277.36,SAFE
MILK_1221,2026-08-20T14:00:00,131,4.36,4.02,2.59,5.2,0.5,0,0,0,0,530.52,0.0401,203.52,SAFE
MILK_1222,2026-08-20T22:00:00,311,5.43,4.49,0.5,8.87,1.5,46,3,3,1,1400.6,-0.1289,2.3,CAUTION
MILK_1223,2026-09-08T00:00:00,373,5.74,6.94,4.13,9.99,0.97,315,50,41,3,2594.97,-0.5869,0.0,UNSAFE
MILK_1224,2026-08-30T09:00:00,229,3.99,4.43,0.5,9.5,1.56,36,2,2,1,1018.65,0.1369,91.35,SAFE
MILK_1225,2026-08-10T04:00:00,81,15.22,11.84,4.38,20.75,2.98,79,73,9,18,970.5,-0.4057,131.45,SAFE
MILK_1226,2026-08-31T01:00:00,115,2.55,4.33,0.5,8.62,1.47,13,2,2,1,502.41,-0.2625,214.12,SAFE
MILK_1227,2026-09-07T14:00:00,301,1.03,4.46,1.03,9.79,1.43,47,1,1,1,1347.55,-0.6105,14.26,CAUTION
MILK_1228,2026-08-19T02:00:00,153,5.87,7.08,4.54,9.6,1.06,135,34,24,3,1091.02,-0.3149,118.41,SAFE
MILK_1229,2026-08-24T17:00:00,96,5.64,4.42,0.68,7.77,1.36,10,0,0,0,428.79,-0.1671,233.27,SAFE
MILK_1230,2026-08-18T13:00:00,159,3.98,3.95,2.45,5.13,0.47,0,0,0,0,631.77,-0.099,176.69,SAFE
MILK_1231,2026-08-16T20:00:00,146,3.68,4.0,2.63,5.42,0.53,0,0,0,0,588.32,-0.2193,188.71,SAFE
MILK_1232,2026-09-15T13:00:00,357,5.41,4.62,0.5,8.99,1.57,61,7,7,1,1654.02,0.2937,0.0,UNSAFE
MILK_1233,2026-08-30T10:00:00,79,4.68,4.03,2.75,4.85,0.5,0,0,0,0,322.66,0.1518,255.59,SAFE
MILK_1234,2026-09-02T05:00:00,40,7.5,4.49,2.25,7.5,1.28,7,0,0,0,184.0,0.1147,292.3,SAFE
MILK_1235,2026-08-12T22:00:00,74,4.91,4.56,0.85,7.89,1.43,16,0,0,0,342.35,-0.6327,255.21,SAFE
MILK_1236,2026-08-28T21:00:00,137,7.52,4.34,0.5,8.31,1.55,22,1,1,1,599.07,0.3895,190.64,SAFE
MILK_1237,2026-08-13T04:00:00,174,3.24,3.95,2.78,5.29,0.51,0,0,0,0,691.63,-0.0709,161.64,SAFE
MILK_1238,2026-09-12T22:00:00,399,5.11,4.52,0.5,8.49,1.49,60,3,3,1,1809.56,0.2959,0.0,UNSAFE
MILK_1239,2026-09-05T16:00:00,211,5.46,4.54,0.95,10.02,1.45,28,4,4,1,963.17,0.234,108.02,SAFE
MILK_1240,2026-08-28T21:00:00,305,3.8,3.95,2.74,5.07,0.48,0,0,0,0,1209.07,-0.1589,31.22,CAUTION
MILK_1241,2026-09-04T03:00:00,331,6.86,4.46,0.5,8.38,1.43,49,2,2,1,1481.25,0.6137,0.0,UNSAFE
MILK_1242,2026-08-24T13:00:00,241,3.29,4.41,0.59,8.48,1.41,31,1,1,1,1067.26,-0.2055,79.81,SAFE
MILK_1243,2026-08-06T05:00:00,57,4.17,5.34,2.75,18.14,3.73,7,7,1,7,309.43,-0.0078,260.54,SAFE
MILK_1244,2026-09-08T13:00:00,365,3.72,4.0,2.64,5.83,0.5,0,0,0,0,1464.38,-0.1311,0.0,UNSAFE
MILK_1245,2026-09-09T13:00:00,242,7.66,7.01,3.94,10.43,1.05,206,36,31,2,1702.68,0.0962,0.0,UNSAFE
MILK_1246,2026-09-08T00:00:00,177,3.48,4.0,2.4,5.28,0.48,0,0,0,0,712.19,-0.0616,157.73,SAFE
MILK_1247,2026-09-04T01:00:00,385,1.5,4.55,0.5,8.71,1.4,61,2,2,1,1757.47,-0.2818,0.0,UNSAFE
MILK_1248,2026-08-14T03:00:00,244,4.17,3.96,2.45,5.34,0.49,0,0,0,0,969.84,0.0195,91.75,SAFE
MILK_1249,2026-09-06T04:00:00,367,6.02,4.57,0.5,8.65,1.52,59,4,4,1,1682.21,-0.0046,0.0,UNSAFE
MILK_1250,2026-08-23T21:00:00,283,3.13,4.19,2.71,16.63,1.46,4,4,1,4,1189.88,-0.0749,40.3,CAUTION
MILK_1251,2026-09-05T11:00:00,118,6.72,6.91,3.93,10.4,1.04,100,19,15,2,822.39,0.0746,171.09,SAFE
MILK_1252,2026-08-23T15:00:00,175,3.78,4.05,2.56,5.22,0.51,0,0,0,0,713.14,-0.0128,158.72,SAFE
MILK_1253,2026-09-03T23:00:00,182,6.51,4.32,0.5,8.28,1.56,26,2,2,1,790.67,0.5769,143.63,SAFE
MILK_1254,2026-08-21T22:00:00,76,4.64,4.81,0.5,8.05,1.39,11,1,1,1,370.34,0.1576,250.87,SAFE
MILK_1255,2026-08-27T08:00:00,185,4.45,4.5,0.76,8.53,1.53,30,2,2,1,836.32,0.2767,136.75,SAFE
MILK_1256,2026-09-15T13:00:00,400,11.95,11.93,3.44,22.67,2.9,394,368,29,75,4784.72,-0.4224,0.0,UNSAFE
MILK_1257,2026-08-04T13:00:00,60,8.93,7.14,4.58,8.93,0.93,52,11,9,2,435.26,0.1874,249.47,SAFE
MILK_1258,2026-08-22T08:00:00,18,4.34,3.88,2.52,5.09,0.6,0,0,0,0,73.66,0.3163,317.21,SAFE
MILK_1259,2026-08-14T00:00:00,235,6.4,6.94,4.2,9.77,1.03,190,32,30,2,1638.06,0.005,7.89,CAUTION
MILK_1260,2026-08-24T13:00:00,229,6.34,6.98,4.33,9.41,0.98,189,37,31,3,1605.48,-0.7382,15.05,CAUTION
MILK_1261,2026-08-11T03:00:00,77,4.58,4.2,0.5,8.08,1.75,10,1,1,1,327.71,-0.3599,254.77,SAFE
MILK_1262,2026-09-05T16:00:00,164,6.49,6.89,4.01,9.15,0.93,141,20,18,2,1136.83,-0.0938,108.17,SAFE
MILK_1263,2026-08-08T17:00:00,57,3.46,4.0,3.09,5.13,0.46,0,0,0,0,232.21,0.124,277.9,SAFE
MILK_1264,2026-08-27T05:00:00,138,4.01,4.28,2.71,15.29,2.01,5,5,1,5,595.48,-0.011,187.48,SAFE
MILK_1265,2026-08-26T18:00:00,94,3.53,4.77,2.8,17.86,2.97,6,6,1,6,452.83,-0.255,224.09,SAFE
MILK_1266,2026-09-06T06:00:00,381,3.37,4.43,0.5,8.69,1.5,53,4,4,1,1693.3,0.1047,0.0,UNSAFE
MILK_1267,2026-09-01T20:00:00,229,4.2,4.43,0.5,8.64,1.48,39,2,2,1,1019.67,-0.5697,91.54,SAFE
MILK_1268,2026-09-05T12:00:00,370,4.33,3.98,2.75,5.42,0.49,0,0,0,0,1476.96,0.0161,0.0,UNSAFE
MILK_1269,2026-08-08T23:00:00,119,3.89,3.89,2.65,5.59,0.53,0,0,0,0,466.74,0.1448,217.25,SAFE
MILK_1270,2026-08-19T07:00:00,77,7.4,6.99,4.84,9.56,0.98,63,9,9,1,544.86,-0.1013,227.1,SAFE
MILK_1271,2026-08-30T18:00:00,275,4.26,4.47,0.77,9.1,1.54,44,6,6,1,1234.02,0.2985,41.06,CAUTION
MILK_1272,2026-08-23T04:00:00,14,6.37,4.76,2.74,8.29,1.59,3,1,1,1,71.39,0.7673,319.43,SAFE
MILK_1273,2026-08-09T15:00:00,185,3.78,4.0,2.09,5.21,0.48,0,0,0,0,744.73,-0.1564,149.66,SAFE
MILK_1274,2026-09-05T13:00:00,226,6.57,7.02,4.4,9.67,0.94,193,37,29,3,1593.62,-0.0346,17.96,CAUTION
MILK_1275,2026-09-02T18:00:00,254,4.32,4.45,0.5,9.32,1.55,44,4,4,1,1134.02,-0.2124,64.26,CAUTION
MILK_1276,2026-08-11T21:00:00,206,5.51,4.53,0.5,8.6,1.47,30,3,3,1,938.23,0.3251,113.63,SAFE
MILK_1277,2026-08-06T13:00:00,62,6.87,7.14,4.93,10.08,1.0,53,12,11,2,449.96,-0.0268,246.48,SAFE
MILK_1278,2026-08-12T16:00:00,198,7.61,4.56,0.78,9.15,1.45,29,2,2,1,907.58,1.2201,121.65,SAFE
MILK_1279,2026-09-01T17:00:00,80,3.89,5.3,2.63,17.43,3.36,9,9,1,9,429.65,-0.0744,233.44,SAFE
MILK_1280,2026-09-10T06:00:00,338,4.41,4.0,2.76,5.26,0.47,0,0,0,0,1355.12,0.2448,0.0,UNSAFE
MILK_1281,2026-08-24T01:00:00,45,6.9,6.97,4.91,8.8,1.0,39,10,9,2,320.42,-0.0049,271.9,SAFE
MILK_1282,2026-08-18T08:00:00,14,6.31,6.35,3.93,7.87,0.92,10,0,0,0,95.28,0.4985,316.48,SAFE
MILK_1283,2026-08-24T18:00:00,94,4.41,4.31,0.91,7.45,1.26,10,0,0,0,409.19,-0.0296,236.8,SAFE
MILK_1284,2026-08-31T06:00:00,379,5.28,4.39,0.5,8.25,1.49,61,2,2,1,1667.86,-0.0141,0.0,UNSAFE
MILK_1285,2026-08-24T05:00:00,393,4.82,4.56,0.5,8.48,1.52,69,4,4,1,1795.43,0.5296,0.0,UNSAFE
MILK_1286,2026-08-19T02:00:00,325,5.0,4.58,0.5,9.58,1.46,57,1,1,1,1492.14,-0.3252,0.0,UNSAFE
MILK_1287,2026-08-27T15:00:00,121,4.55,4.71,1.31,8.16,1.51,20,2,2,1,575.05,-0.2753,202.24,SAFE
MILK_1288,2026-08-06T12:00:00,81,4.02,3.97,2.73,5.2,0.49,0,0,0,0,325.87,0.1483,254.12,SAFE
MILK_1289,2026-09-07T02:00:00,311,5.8,4.48,0.5,9.05,1.52,52,2,2,1,1396.5,-0.2216,2.62,CAUTION
MILK_1290,2026-09-01T09:00:00,189,4.64,4.03,2.58,5.42,0.53,0,0,0,0,765.44,-0.0078,145.07,SAFE
MILK_1291,2026-09-07T16:00:00,171,7.4,4.31,0.5,8.42,1.65,28,2,2,1,742.03,0.9915,155.01,SAFE
MILK_1292,2026-08-31T20:00:00,136,3.75,4.0,2.75,5.21,0.53,0,0,0,0,548.23,0.0708,198.74,SAFE
MILK_1293,2026-08-12T01:00:00,53,13.57,11.72,5.89,20.79,3.32,53,47,5,22,632.88,-1.2239,200.67,SAFE
MILK_1294,2026-08-21T22:00:00,317,4.07,4.0,2.55,5.38,0.48,0,0,0,0,1272.11,0.1826,17.55,CAUTION
MILK_1295,2026-09-03T08:00:00,321,5.03,4.02,2.64,5.4,0.49,0,0,0,0,1295.07,0.214,12.75,CAUTION
MILK_1296,2026-08-11T21:00:00,23,7.34,6.99,5.82,8.94,0.88,20,5,3,3,167.78,0.0766,302.51,SAFE
MILK_1297,2026-09-04T17:00:00,164,7.17,4.52,0.74,9.69,1.76,32,6,5,2,745.87,0.1027,157.92,SAFE
MILK_1298,2026-08-21T00:00:00,320,4.14,3.99,2.62,5.34,0.5,0,0,0,0,1281.13,0.107,14.83,CAUTION
MILK_1299,2026-09-02T14:00:00,392,7.27,7.04,3.81,9.88,1.03,327,71,60,3,2767.14,0.2133,0.0,UNSAFE
MILK_1300,2026-08-27T13:00:00,340,4.35,3.98,2.11,5.77,0.53,0,0,0,0,1358.67,0.1235,0.0,UNSAFE
MILK_1301,2026-08-13T06:00:00,263,9.96,4.6,0.5,9.96,1.55,49,5,5,1,1214.96,1.0159,49.8,CAUTION
MILK_1302,2026-08-18T16:00:00,133,3.34,4.6,1.22,8.72,1.54,21,2,1,2,616.33,-0.2062,190.79,SAFE
MILK_1303,2026-08-29T22:00:00,314,3.16,4.55,0.5,8.73,1.4,50,2,2,1,1434.71,-0.283,0.0,UNSAFE
MILK_1304,2026-08-04T08:00:00,16,4.52,4.04,3.3,4.87,0.45,0,0,0,0,68.7,0.1639,318.9,SAFE
MILK_1305,2026-08-15T15:00:00,77,7.04,7.07,4.61,9.75,1.05,63,13,9,3,551.42,-0.3819,225.99,SAFE
MILK_1306,2026-08-23T03:00:00,225,5.71,4.44,0.5,9.97,1.67,42,2,2,1,1004.45,0.3335,94.7,SAFE
MILK_1307,2026-08-27T16:00:00,359,7.02,4.48,0.97,9.54,1.5,56,3,3,1,1613.0,0.2871,0.0,UNSAFE
MILK_1308,2026-08-08T14:00:00,47,4.43,3.96,2.93,4.94,0.44,0,0,0,0,190.01,0.018,288.16,SAFE
MILK_1309,2026-08-03T14:00:00,44,3.96,5.27,3.26,17.43,3.71,5,5,1,5,237.35,-0.2212,277.92,SAFE
MILK_1310,2026-08-08T17:00:00,40,16.85,5.57,2.74,16.85,4.14,6,6,1,6,228.22,0.129,280.11,SAFE
MILK_1311,2026-08-20T04:00:00,156,4.06,4.01,2.68,5.39,0.49,0,0,0,0,630.33,-0.0852,178.52,SAFE
MILK_1312,2026-09-02T00:00:00,266,5.2,4.47,0.54,8.8,1.52,37,2,2,1,1192.48,0.1055,51.04,CAUTION
MILK_1313,2026-09-03T23:00:00,226,9.27,12.06,5.03,19.58,3.07,222,205,21,53,2738.24,-1.0324,0.0,UNSAFE
MILK_1314,2026-08-25T16:00:00,52,1.58,4.49,1.58,8.1,1.41,8,1,1,1,238.06,-0.6172,279.37,SAFE
MILK_1315,2026-09-02T14:00:00,285,4.24,4.4,0.5,8.96,1.52,43,4,3,2,1257.87,0.0344,32.97,CAUTION
MILK_1316,2026-08-26T12:00:00,152,4.83,4.05,3.0,4.9,0.45,0,0,0,0,620.33,0.0982,181.89,SAFE
MILK_1317,2026-08-05T11:00:00,50,2.46,4.87,1.66,8.11,1.52,12,1,1,1,248.24,-0.5191,279.12,SAFE
MILK_1318,2026-08-20T23:00:00,89,3.38,4.58,2.77,18.28,2.62,5,5,1,5,412.3,-0.1597,234.04,SAFE
MILK_1319,2026-08-27T16:00:00,334,3.65,4.2,2.25,20.41,1.74,5,5,1,5,1407.74,-0.0972,0.0,UNSAFE
MILK_1320,2026-09-08T12:00:00,383,6.06,4.6,0.5,8.4,1.47,64,4,4,1,1767.39,0.7987,0.0,UNSAFE
MILK_1321,2026-09-01T22:00:00,39,4.69,4.35,0.5,7.65,1.45,4,0,0,0,173.87,0.3083,293.93,SAFE
MILK_1322,2026-08-17T18:00:00,232,4.07,4.24,2.45,17.51,1.98,6,6,1,6,987.71,-0.1781,87.93,SAFE
MILK_1323,2026-08-22T09:00:00,38,4.46,6.12,3.05,18.72,4.38,8,8,1,8,238.83,0.3268,279.01,SAFE
MILK_1324,2026-09-10T02:00:00,389,3.75,4.01,2.77,5.31,0.47,0,0,0,0,1564.18,-0.2242,0.0,UNSAFE
MILK_1325,2026-08-06T19:00:00,16,3.49,5.05,3.17,6.83,1.18,5,0,0,0,85.89,-0.3653,316.76,SAFE
MILK_1326,2026-09-07T13:00:00,369,4.65,4.02,2.51,5.51,0.51,0,0,0,0,1485.94,0.1684,0.0,UNSAFE
MILK_1327,2026-08-12T05:00:00,264,5.75,4.41,0.5,9.5,1.4,34,3,3,1,1168.3,0.5307,55.48,CAUTION
MILK_1328,2026-09-12T00:00:00,277,4.93,4.57,0.5,9.34,1.44,43,3,3,1,1271.2,0.1643,36.19,CAUTION
MILK_1329,2026-08-23T21:00:00,142,5.28,6.98,4.4,9.9,1.01,122,19,19,1,997.59,-0.2982,136.48,SAFE
MILK_1330,2026-08-09T13:00:00,74,3.52,3.99,2.75,5.16,0.52,0,0,0,0,299.02,-0.0856,260.99,SAFE
MILK_1331,2026-09-09T09:00:00,385,4.4,4.41,1.07,9.64,1.42,46,5,5,1,1700.68,-0.5332,0.0,UNSAFE
MILK_1332,2026-08-30T04:00:00,25,2.35,4.31,2.21,7.95,1.6,3,0,0,0,112.11,-0.4001,308.66,SAFE
MILK_1333,2026-08-17T18:00:00,149,2.91,3.98,2.75,5.06,0.46,0,0,0,0,596.5,-0.25,186.19,SAFE
MILK_1334,2026-08-23T02:00:00,144,6.14,4.4,0.93,8.57,1.4,18,1,1,1,638.55,0.0127,182.62,SAFE
MILK_1335,2026-09-06T13:00:00,331,3.38,3.99,2.71,5.52,0.47,0,0,0,0,1325.84,-0.1224,3.8,CAUTION
MILK_1336,2026-08-13T18:00:00,243,4.7,4.32,2.79,17.46,1.76,5,5,1,5,1054.62,0.1178,75.84,SAFE
MILK_1337,2026-08-15T03:00:00,300,3.04,4.0,2.7,5.52,0.52,0,0,0,0,1202.52,-0.0312,34.67,CAUTION
MILK_1338,2026-08-10T05:00:00,90,2.64,4.83,1.68,9.22,1.39,16,2,2,1,439.91,-0.3863,235.07,SAFE
MILK_1339,2026-08-21T18:00:00,303,9.41,12.12,0.84,20.32,2.99,298,278,23,67,3685.22,-1.1066,0.0,UNSAFE
MILK_1340,2026-08-25T20:00:00,69,3.03,4.67,1.79,9.21,1.57,13,1,1,1,326.98,-0.4013,259.51,SAFE
MILK_1341,2026-08-20T05:00:00,270,6.09,4.58,0.5,9.36,1.52,47,3,3,1,1241.37,0.3241,43.06,CAUTION
MILK_1342,2026-08-01T17:00:00,16,4.43,4.29,1.52,6.06,1.37,1,0,0,0,72.91,-0.2654,318.26,SAFE
MILK_1343,2026-08-18T12:00:00,251,5.07,4.72,0.96,8.59,1.5,56,5,5,1,1189.8,0.4496,59.49,CAUTION
MILK_1344,2026-08-16T02:00:00,86,7.33,6.98,4.23,10.11,1.01,74,13,11,2,607.22,0.8035,214.56,SAFE
MILK_1345,2026-08-18T06:00:00,293,3.93,4.03,2.7,5.29,0.49,0,0,0,0,1184.88,0.1301,40.6,CAUTION
MILK_1346,2026-09-12T03:00:00,389,4.09,4.47,0.5,8.27,1.48,59,2,2,1,1743.93,0.3663,0.0,UNSAFE
MILK_1347,2026-08-26T17:00:00,124,5.91,4.38,0.5,7.74,1.58,21,0,0,0,548.04,0.3032,203.66,SAFE
MILK_1348,2026-08-20T14:00:00,223,5.22,4.48,0.5,8.77,1.5,32,1,1,1,1003.73,0.2058,96.67,SAFE
MILK_1349,2026-09-07T04:00:00,173,3.36,4.44,0.5,9.35,1.46,26,1,1,1,773.07,-0.0941,150.95,SAFE
MILK_1350,2026-08-21T16:00:00,302,3.76,4.01,2.56,5.24,0.5,0,0,0,0,1214.28,-0.0829,32.29,CAUTION
MILK_1351,2026-08-23T06:00:00,267,6.6,7.01,4.35,9.2,1.0,220,50,40,4,1878.1,0.1663,0.0,UNSAFE
MILK_1352,2026-08-26T06:00:00,101,4.07,4.4,0.62,7.67,1.37,11,0,0,0,448.39,-0.5643,228.25,SAFE
MILK_1353,2026-08-10T01:00:00,33,4.06,4.2,1.88,6.64,1.31,5,0,0,0,142.87,0.409,300.87,SAFE
MILK_1354,2026-09-02T09:00:00,45,5.58,6.85,4.59,9.79,1.06,36,6,6,1,315.14,0.0249,272.65,SAFE
MILK_1355,2026-09-05T00:00:00,154,3.14,4.71,0.5,8.95,1.57,31,3,3,1,730.27,0.0302,165.88,SAFE
MILK_1356,2026-09-01T18:00:00,177,3.33,4.57,0.5,8.89,1.53,34,3,3,1,814.15,-0.7556,143.73,SAFE
MILK_1357,2026-08-13T20:00:00,243,3.93,4.2,2.29,18.82,1.62,5,5,1,5,1024.83,-0.0939,80.49,SAFE
MILK_1358,2026-08-19T19:00:00,298,3.56,3.99,2.67,5.49,0.51,0,0,0,0,1192.52,-0.0498,36.92,CAUTION
MILK_1359,2026-09-11T13:00:00,388,2.91,4.49,0.5,8.75,1.49,58,4,4,1,1746.87,-0.1162,0.0,UNSAFE
MILK_1360,2026-08-30T14:00:00,247,8.25,7.02,4.73,8.96,0.91,210,36,26,7,1740.61,0.4386,0.0,UNSAFE
MILK_1361,2026-08-23T16:00:00,262,3.75,3.95,2.66,5.27,0.51,0,0,0,0,1040.06,0.0429,73.89,SAFE
MILK_1362,2026-09-10T07:00:00,385,3.7,4.25,2.7,18.27,1.9,9,9,1,9,1641.85,-0.0618,0.0,UNSAFE
MILK_1363,2026-08-29T22:00:00,87,2.52,4.15,0.73,7.59,1.44,9,0,0,0,365.54,-0.5196,245.38,SAFE
MILK_1364,2026-08-02T11:00:00,22,4.11,4.53,1.63,8.42,1.34,2,1,1,1,104.16,0.1173,311.35,SAFE
MILK_1365,2026-08-16T12:00:00,187,7.44,6.89,4.19,9.71,1.07,149,28,22,3,1295.75,-0.4046,75.89,SAFE
MILK_1366,2026-08-22T12:00:00,14,3.28,3.98,3.28,5.0,0.5,0,0,0,0,59.63,0.0217,321.02,SAFE
MILK_1367,2026-08-31T20:00:00,10,3.42,3.72,0.5,6.08,1.58,1,0,0,0,40.94,-0.1081,325.17,SAFE
MILK_1368,2026-09-03T07:00:00,202,4.73,4.0,2.7,5.3,0.47,0,0,0,0,812.81,0.1738,132.63,SAFE
MILK_1369,2026-09-13T21:00:00,382,3.83,4.08,2.64,16.62,1.17,3,3,1,3,1562.27,-0.1927,0.0,UNSAFE
MILK_1370,2026-08-13T03:00:00,131,4.02,4.45,0.5,7.84,1.43,19,0,0,0,586.94,-0.1543,195.65,SAFE
MILK_1371,2026-08-16T07:00:00,40,8.01,6.99,4.99,9.23,0.95,34,7,7,1,286.56,0.0815,278.75,SAFE
MILK_1372,2026-08-12T07:00:00,153,4.12,3.96,2.88,5.6,0.43,0,0,0,0,609.22,-0.0195,182.57,SAFE
MILK_1373,2026-08-08T09:00:00,128,3.98,3.92,2.11,5.31,0.51,0,0,0,0,506.18,-0.0906,207.87,SAFE
MILK_1374,2026-09-07T21:00:00,221,9.84,7.04,4.38,9.84,1.03,181,43,32,4,1562.18,0.3439,24.1,CAUTION
MILK_1375,2026-09-02T15:00:00,244,8.67,6.91,4.09,10.78,1.13,193,38,29,5,1691.86,0.1772,0.0,UNSAFE
MILK_1376,2026-09-05T21:00:00,307,4.45,3.97,2.75,5.8,0.5,0,0,0,0,1222.13,0.218,28.61,CAUTION
MILK_1377,2026-08-07T22:00:00,78,3.36,3.97,2.77,5.18,0.51,0,0,0,0,313.97,-0.1054,257.1,SAFE
MILK_1378,2026-08-23T12:00:00,48,4.11,3.94,2.83,5.66,0.48,0,0,0,0,193.03,0.1624,287.26,SAFE
MILK_1379,2026-08-21T11:00:00,41,4.28,3.91,2.73,5.15,0.48,0,0,0,0,164.18,0.0824,294.36,SAFE
MILK_1380,2026-08-18T01:00:00,76,5.46,4.72,1.58,9.05,1.58,20,1,1,1,363.23,0.0618,251.42,SAFE
MILK_1381,2026-08-14T08:00:00,143,6.04,6.92,4.93,9.98,0.91,119,17,16,2,996.94,-0.3005,136.46,SAFE
MILK_1382,2026-09-06T05:00:00,211,5.79,4.7,1.29,7.74,1.39,35,0,0,0,995.5,0.4569,104.51,SAFE
MILK_1383,2026-08-31T08:00:00,177,3.79,3.92,2.77,5.0,0.49,0,0,0,0,698.62,0.0367,159.21,SAFE
MILK_1384,2026-08-17T19:00:00,149,6.0,4.51,0.78,7.82,1.51,25,0,0,0,676.39,0.4659,175.19,SAFE
MILK_1385,2026-08-12T19:00:00,113,7.26,6.96,4.37,9.75,1.04,95,18,17,2,793.61,0.044,177.13,SAFE
MILK_1386,2026-08-08T11:00:00,65,4.51,4.48,1.27,8.27,1.51,11,1,1,1,295.65,0.2091,265.48,SAFE
MILK_1387,2026-08-09T01:00:00,94,3.86,4.09,2.96,5.05,0.47,0,0,0,0,388.75,-0.0088,239.91,SAFE
MILK_1388,2026-08-22T16:00:00,170,7.6,4.39,0.5,8.94,1.52,24,2,2,1,750.84,1.1158,154.96,SAFE
MILK_1389,2026-08-25T23:00:00,284,4.68,4.04,2.75,5.36,0.5,0,0,0,0,1151.76,0.2484,49.27,CAUTION
MILK_1390,2026-08-22T07:00:00,241,7.78,4.68,0.99,8.5,1.31,39,1,1,1,1132.69,0.5003,72.47,SAFE
MILK_1391,2026-08-16T15:00:00,145,4.03,4.02,2.69,5.57,0.49,0,0,0,0,586.65,0.0078,189.5,SAFE
MILK_1392,2026-08-30T11:00:00,56,4.07,4.01,3.05,5.44,0.46,0,0,0,0,228.75,0.1198,278.84,SAFE
MILK_1393,2026-08-13T18:00:00,165,4.72,4.09,2.58,5.32,0.47,0,0,0,0,679.71,0.1948,168.04,SAFE
MILK_1394,2026-09-12T04:00:00,366,3.93,4.4,0.5,9.11,1.53,52,3,3,1,1613.47,-0.7887,0.0,UNSAFE
MILK_1395,2026-08-25T01:00:00,120,5.03,4.05,2.4,5.42,0.53,0,0,0,0,489.89,0.0693,214.14,SAFE
MILK_1396,2026-08-30T23:00:00,85,6.02,6.94,4.59,9.32,0.93,72,11,10,2,597.19,-0.7529,216.53,SAFE
MILK_1397,2026-08-09T15:00:00,137,3.06,4.21,0.5,8.92,1.53,15,2,2,1,581.08,0.31,192.78,SAFE
MILK_1398,2026-09-09T07:00:00,212,3.96,4.17,2.69,17.15,1.51,3,3,1,3,887.48,-0.1862,114.39,SAFE
MILK_1399,2026-08-28T08:00:00,143,4.39,4.38,0.5,10.32,1.7,26,1,1,1,631.21,-0.075,183.15,SAFE
MILK_1400,2026-08-28T06:00:00,25,3.74,3.99,2.75,5.3,0.53,0,0,0,0,103.75,-0.2706,309.98,SAFE
MILK_1401,2026-09-10T13:00:00,241,3.99,4.36,2.7,20.59,2.27,8,8,1,8,1054.41,0.0247,71.56,CAUTION
MILK_1402,2026-08-20T17:00:00,58,5.72,4.63,1.57,7.52,1.38,10,0,0,0,272.89,0.4631,272.08,SAFE
MILK_1403,2026-08-18T12:00:00,81,3.92,3.9,2.53,5.0,0.54,0,0,0,0,319.96,-0.1529,254.74,SAFE
MILK_1404,2026-08-05T17:00:00,41,3.6,4.06,2.51,5.84,0.6,0,0,0,0,170.31,-0.3276,293.65,SAFE
MILK_1405,2026-08-30T11:00:00,76,4.1,3.96,2.39,5.03,0.46,0,0,0,0,305.01,-0.073,259.23,SAFE
MILK_1406,2026-08-15T20:00:00,200,5.48,4.63,0.5,8.1,1.33,33,1,1,1,930.62,0.2284,118.3,SAFE
MILK_1407,2026-09-06T00:00:00,340,4.04,4.54,1.09,8.69,1.43,58,1,1,1,1548.96,0.013,0.0,UNSAFE
MILK_1408,2026-08-16T16:00:00,310,4.01,4.02,2.47,5.51,0.51,0,0,0,0,1251.44,0.0508,23.7,CAUTION
MILK_1409,2026-08-09T23:00:00,21,3.16,4.71,0.5,7.44,1.65,6,0,0,0,103.62,-0.2124,311.83,SAFE
MILK_1410,2026-08-17T10:00:00,340,4.62,3.95,2.0,5.37,0.51,0,0,0,0,1346.84,-0.0111,0.0,UNSAFE
MILK_1411,2026-08-17T13:00:00,57,4.08,4.55,2.85,14.86,2.17,3,3,1,3,263.74,0.0763,271.96,SAFE
MILK_1412,2026-08-04T01:00:00,35,4.69,6.01,2.89,16.86,4.18,7,7,1,7,216.29,0.1559,284.69,SAFE
MILK_1413,2026-08-23T19:00:00,212,4.27,3.96,2.71,5.77,0.52,0,0,0,0,842.45,0.1447,123.7,SAFE
MILK_1414,2026-08-24T13:00:00,205,3.82,3.97,2.86,5.64,0.48,0,0,0,0,817.76,-0.1202,130.4,SAFE
MILK_1415,2026-08-26T15:00:00,98,11.26,11.89,4.75,21.64,3.26,94,87,12,22,1176.85,-0.5331,84.82,SAFE
MILK_1416,2026-08-16T15:00:00,105,4.97,4.02,2.72,5.2,0.5,0,0,0,0,426.32,0.1586,229.59,SAFE
MILK_1417,2026-08-19T06:00:00,238,7.01,4.48,0.5,8.27,1.58,46,4,4,1,1071.26,0.4173,80.21,SAFE
MILK_1418,2026-08-30T07:00:00,27,4.36,4.91,2.18,7.4,1.29,7,0,0,0,137.59,-0.4788,304.73,SAFE
MILK_1419,2026-09-03T08:00:00,325,4.58,4.55,0.5,8.46,1.38,48,2,2,1,1484.07,-0.3545,0.0,UNSAFE
MILK_1420,2026-08-15T13:00:00,161,6.63,4.42,0.92,7.94,1.48,23,0,0,0,715.88,0.4423,164.13,SAFE
MILK_1421,2026-08-28T16:00:00,291,3.74,4.39,0.5,8.11,1.48,39,2,2,1,1282.22,-0.071,27.16,CAUTION
MILK_1422,2026-08-18T07:00:00,54,6.28,4.49,0.5,7.36,1.47,11,0,0,0,246.88,-0.6809,277.21,SAFE
MILK_1423,2026-08-12T20:00:00,80,4.38,4.15,2.97,5.49,0.48,0,0,0,0,336.01,-0.1051,253.55,SAFE
MILK_1424,2026-08-28T09:00:00,339,4.1,4.63,0.5,8.82,1.49,59,3,3,1,1572.74,-0.0692,0.0,UNSAFE
MILK_1425,2026-09-04T09:00:00,137,4.56,4.56,1.15,9.04,1.48,25,2,2,1,629.28,-0.3889,187.24,SAFE
MILK_1426,2026-08-22T12:00:00,19,3.6,3.81,3.29,4.63,0.38,0,0,0,0,76.1,0.0053,316.41,SAFE
MILK_1427,2026-08-21T23:00:00,193,4.95,4.42,2.58,18.37,2.17,7,7,1,7,856.76,0.1346,124.06,SAFE
MILK_1428,2026-09-03T09:00:00,186,3.38,4.44,2.48,17.35,2.17,7,7,1,7,830.28,-0.1249,131.32,SAFE
MILK_1429,2026-08-17T16:00:00,148,4.03,4.2,2.56,19.63,1.72,3,3,1,3,625.15,0.191,179.25,SAFE
MILK_1430,2026-08-16T21:00:00,122,7.76,6.98,5.02,9.32,0.99,100,22,19,3,858.49,0.1314,164.35,SAFE
MILK_1431,2026-08-02T23:00:00,39,5.33,5.74,3.11,17.05,4.05,6,6,1,6,229.65,-1.5084,280.84,SAFE
MILK_1432,2026-08-30T08:00:00,309,6.48,6.99,4.37,10.1,0.95,260,41,35,2,2167.88,-0.2335,0.0,UNSAFE
MILK_1433,2026-08-10T18:00:00,61,4.22,4.03,3.09,5.22,0.46,0,0,0,0,249.94,0.0725,273.71,SAFE
MILK_1434,2026-08-14T10:00:00,133,7.33,6.92,4.15,9.84,1.05,108,19,17,2,927.19,0.0101,150.11,SAFE
MILK_1435,2026-08-25T20:00:00,387,4.02,4.22,2.14,17.38,1.68,9,9,1,9,1638.28,0.0324,0.0,UNSAFE
MILK_1436,2026-09-12T23:00:00,304,3.84,4.02,2.48,5.31,0.5,0,0,0,0,1225.17,-0.04,29.98,CAUTION
MILK_1437,2026-09-05T11:00:00,191,8.13,6.91,3.86,9.87,1.07,155,28,22,2,1325.96,-0.0558,69.98,CAUTION
MILK_1438,2026-09-03T09:00:00,100,4.5,4.75,0.5,8.85,1.43,19,1,1,1,479.78,0.5134,224.98,SAFE
MILK_1439,2026-08-15T22:00:00,172,4.34,4.53,0.5,8.82,1.53,27,4,4,1,783.88,-0.036,149.94,SAFE
MILK_1440,2026-09-11T06:00:00,367,4.03,3.98,2.64,5.39,0.51,0,0,0,0,1464.0,-0.1533,0.0,UNSAFE
MILK_1441,2026-08-13T18:00:00,24,4.47,7.62,2.57,17.85,5.22,8,8,1,8,190.54,-2.267,291.23,SAFE
MILK_1442,2026-08-25T04:00:00,298,4.08,4.0,2.2,5.04,0.44,0,0,0,0,1195.13,-0.1816,36.75,CAUTION
MILK_1443,2026-08-10T04:00:00,106,4.73,3.97,2.66,4.9,0.48,0,0,0,0,424.45,0.3505,229.24,SAFE
MILK_1444,2026-09-08T14:00:00,287,3.96,4.49,0.5,8.93,1.52,44,3,3,1,1293.47,0.3282,27.75,CAUTION
MILK_1445,2026-08-21T02:00:00,261,14.3,11.89,4.78,20.2,3.12,254,231,27,47,3116.48,-0.1231,0.0,UNSAFE
MILK_1446,2026-08-03T16:00:00,38,4.03,3.96,2.78,5.11,0.51,0,0,0,0,154.59,-0.0842,297.09,SAFE
MILK_1447,2026-08-13T21:00:00,122,4.22,3.98,2.91,5.29,0.51,0,0,0,0,489.65,-0.091,213.07,SAFE
MILK_1448,2026-08-12T06:00:00,254,4.77,4.52,0.8,8.7,1.42,39,4,4,1,1152.27,-0.082,62.71,CAUTION
MILK_1449,2026-08-14T22:00:00,324,4.32,4.28,2.41,19.83,1.94,9,9,1,9,1392.13,-0.0919,0.0,UNSAFE
MILK_1450,2026-08-21T03:00:00,377,4.12,3.98,2.73,5.49,0.49,0,0,0,0,1505.31,-0.0347,0.0,UNSAFE
MILK_1451,2026-08-08T02:00:00,40,5.2,4.49,1.51,6.84,1.32,5,0,0,0,183.96,-0.0527,292.29,SAFE
MILK_1452,2026-08-14T02:00:00,310,3.87,4.59,0.5,8.59,1.44,49,4,4,1,1427.86,-0.1368,0.0,UNSAFE
MILK_1453,2026-08-25T22:00:00,66,3.62,3.97,2.82,5.4,0.56,0,0,0,0,266.18,-0.1081,269.07,SAFE
MILK_1454,2026-09-05T20:00:00,196,4.86,4.4,0.53,8.29,1.51,30,2,2,1,866.59,0.4113,127.32,SAFE
MILK_1455,2026-09-08T11:00:00,201,3.24,4.44,0.69,9.62,1.47,29,2,2,1,897.88,-0.6257,121.04,SAFE
MILK_1456,2026-09-01T17:00:00,212,6.53,4.47,0.84,9.49,1.49,35,3,3,1,953.07,0.0404,108.58,SAFE
MILK_1457,2026-08-26T17:00:00,182,3.36,4.27,2.0,18.21,2.03,5,5,1,5,781.86,-0.2522,139.91,SAFE
MILK_1458,2026-08-21T05:00:00,384,5.51,4.48,0.5,9.56,1.46,63,2,2,1,1726.61,0.3311,0.0,UNSAFE
MILK_1459,2026-09-14T14:00:00,337,5.9,4.39,0.5,8.6,1.58,43,6,6,1,1484.45,1.0101,0.0,UNSAFE
MILK_1460,2026-09-14T21:00:00,342,0.7,4.57,0.7,9.14,1.53,65,2,2,1,1566.93,-1.2338,0.0,UNSAFE
MILK_1461,2026-08-26T17:00:00,372,6.82,6.99,4.14,9.64,0.96,328,51,42,3,2606.93,-0.0478,0.0,UNSAFE
MILK_1462,2026-09-15T22:00:00,365,4.62,4.0,2.43,5.25,0.51,0,0,0,0,1462.7,0.1121,0.0,UNSAFE
MILK_1463,2026-09-06T19:00:00,192,4.83,4.43,2.69,17.99,2.15,8,8,1,8,854.87,0.0484,125.37,SAFE
MILK_1464,2026-08-27T16:00:00,203,2.87,4.01,2.7,6.01,0.54,1,0,0,0,817.97,-0.1941,131.43,SAFE
MILK_1465,2026-08-26T01:00:00,362,3.48,4.02,2.88,5.33,0.46,0,0,0,0,1459.68,0.0166,0.0,UNSAFE
MILK_1466,2026-08-14T08:00:00,100,4.69,4.84,2.41,19.84,3.07,8,8,1,8,488.65,0.0874,215.7,SAFE
MILK_1467,2026-09-09T12:00:00,210,13.94,12.15,4.46,19.38,2.95,206,192,19,33,2563.39,-0.1174,0.0,UNSAFE
MILK_1468,2026-08-29T20:00:00,26,3.94,4.0,2.81,4.67,0.42,0,0,0,0,108.06,0.0854,308.96,SAFE
MILK_1469,2026-08-13T23:00:00,172,4.53,3.98,2.56,5.44,0.5,0,0,0,0,688.81,0.1574,163.09,SAFE
MILK_1470,2026-09-04T22:00:00,123,5.87,4.73,0.71,8.27,1.52,24,3,3,1,586.07,0.7987,199.81,SAFE
MILK_1471,2026-08-24T09:00:00,63,4.2,4.09,2.91,5.76,0.53,0,0,0,0,262.02,-0.2312,271.23,SAFE
MILK_1472,2026-09-03T01:00:00,82,2.36,4.96,1.23,8.41,1.5,22,3,3,1,411.35,-0.9584,242.55,SAFE
MILK_1473,2026-08-14T00:00:00,49,4.18,5.13,3.29,15.79,3.13,5,5,1,5,256.65,0.0259,274.62,SAFE
MILK_1474,2026-08-25T04:00:00,335,9.75,11.89,2.77,21.46,3.07,327,294,39,23,3996.7,0.2757,0.0,UNSAFE
MILK_1475,2026-09-13T14:00:00,372,4.22,4.24,2.42,19.25,1.76,8,8,1,8,1583.14,-0.0403,0.0,UNSAFE
MILK_1476,2026-09-03T08:00:00,238,3.1,4.16,2.6,15.56,1.51,5,5,1,5,993.87,0.0594,87.97,SAFE
MILK_1477,2026-08-22T11:00:00,364,3.76,4.56,0.66,8.17,1.5,68,2,2,1,1663.33,-0.6977,0.0,UNSAFE
MILK_1478,2026-08-09T08:00:00,141,5.62,4.31,0.5,7.55,1.34,15,0,0,0,611.96,0.1684,187.5,SAFE
MILK_1479,2026-09-10T21:00:00,378,3.59,3.99,2.27,5.35,0.52,0,0,0,0,1511.95,-0.1162,0.0,UNSAFE
MILK_1480,2026-08-09T16:00:00,207,4.48,4.0,2.34,5.34,0.51,0,0,0,0,831.54,0.2608,127.73,SAFE
MILK_1481,2026-08-25T07:00:00,224,5.46,6.92,2.75,10.61,1.03,188,31,26,3,1556.94,0.0766,23.94,CAUTION
MILK_1482,2026-08-17T11:00:00,262,5.79,4.48,0.5,10.29,1.55,44,5,4,2,1178.21,0.4021,54.66,CAUTION
MILK_1483,2026-09-06T09:00:00,189,4.39,4.35,2.52,18.49,2.11,6,6,1,6,827.11,-0.0448,130.13,SAFE
MILK_1484,2026-08-17T08:00:00,305,4.59,4.43,0.5,9.03,1.5,50,3,3,1,1354.64,-0.1132,10.9,CAUTION
MILK_1485,2026-08-27T02:00:00,125,5.01,4.41,0.5,7.91,1.55,21,0,0,0,555.63,0.1888,202.27,SAFE
MILK_1486,2026-08-08T13:00:00,47,4.49,4.13,2.87,4.81,0.43,0,0,0,0,198.1,0.1933,287.27,SAFE
MILK_1487,2026-09-01T17:00:00,160,5.44,6.97,4.88,9.47,0.97,132,25,21,3,1122.53,-0.4102,111.54,SAFE
MILK_1488,2026-08-07T09:00:00,143,5.33,4.49,0.66,8.63,1.57,23,2,2,1,646.72,0.0724,181.71,SAFE
MILK_1489,2026-09-02T02:00:00,47,3.81,4.8,2.68,15.33,3.05,4,4,1,4,230.43,0.0429,279.36,SAFE
MILK_1490,2026-09-02T08:00:00,92,6.38,4.49,1.17,7.93,1.6,21,0,0,0,417.65,0.7211,236.3,SAFE
MILK_1491,2026-09-05T04:00:00,290,3.67,4.21,2.53,17.01,1.51,5,5,1,5,1224.98,-0.1216,32.02,CAUTION
MILK_1492,2026-08-31T12:00:00,257,3.99,4.16,2.65,17.51,1.34,3,3,1,3,1073.89,0.2152,68.88,CAUTION
MILK_1493,2026-08-18T18:00:00,94,4.59,4.56,0.63,7.81,1.68,21,0,0,0,432.74,0.4017,233.32,SAFE
MILK_1494,2026-08-24T07:00:00,90,4.74,4.39,0.72,7.77,1.55,13,0,0,0,399.32,0.7528,239.66,SAFE
MILK_1495,2026-08-09T14:00:00,179,10.38,11.65,3.89,19.0,2.96,175,159,19,22,2097.35,-0.9803,0.0,UNSAFE
MILK_1496,2026-08-16T09:00:00,219,2.83,4.4,0.57,9.25,1.54,30,4,4,1,967.49,-0.4005,102.77,SAFE
MILK_1497,2026-09-08T12:00:00,379,3.66,3.97,2.69,5.16,0.51,0,0,0,0,1509.31,-0.3348,0.0,UNSAFE
MILK_1498,2026-09-11T21:00:00,286,3.37,4.29,2.47,18.02,2.01,8,8,1,8,1230.24,-0.2769,28.42,CAUTION
MILK_1499,2026-08-15T20:00:00,131,6.59,4.44,0.5,8.8,1.54,17,3,3,1,586.15,0.4655,195.47,SAFE
MILK_1500,2026-08-12T20:00:00,211,4.01,4.61,0.55,8.71,1.5,38,5,5,1,977.63,-0.1055,106.15,SAFE
MILK_1501,2026-08-30T14:00:00,261,4.1,4.4,0.5,8.14,1.4,31,1,1,1,1153.24,-0.186,58.97,CAUTION
MILK_1502,2026-08-13T03:00:00,194,3.98,4.53,0.5,8.07,1.56,40,1,1,1,884.08,-0.8256,126.17,SAFE
MILK_1503,2026-08-03T19:00:00,54,4.68,4.02,2.96,5.12,0.5,0,0,0,0,221.0,0.2762,280.81,SAFE
MILK_1504,2026-08-24T15:00:00,330,4.03,4.16,2.68,17.3,1.59,6,6,1,6,1377.92,0.0253,0.0,UNSAFE
MILK_1505,2026-08-08T02:00:00,23,3.94,3.95,2.76,4.92,0.57,0,0,0,0,94.83,0.1496,312.08,SAFE
MILK_1506,2026-08-21T05:00:00,336,1.31,4.49,0.5,9.73,1.49,48,2,2,1,1513.09,-0.757,0.0,UNSAFE
MILK_1507,2026-08-20T14:00:00,252,2.52,4.47,0.5,8.89,1.61,50,3,3,1,1129.68,-0.5,65.56,CAUTION
MILK_1508,2026-09-04T02:00:00,167,4.13,4.02,2.99,5.39,0.49,0,0,0,0,675.03,-0.038,167.43,SAFE
MILK_1509,2026-09-05T23:00:00,251,3.91,3.98,2.35,5.45,0.52,0,0,0,0,1001.82,0.1409,84.27,SAFE
MILK_1510,2026-08-22T22:00:00,145,5.19,4.01,2.39,5.31,0.5,0,0,0,0,585.82,0.1028,189.58,SAFE
MILK_1511,2026-08-15T20:00:00,288,3.61,3.99,2.39,5.49,0.49,0,0,0,0,1152.36,-0.1386,46.99,CAUTION
MILK_1512,2026-08-21T12:00:00,199,3.63,4.02,2.91,5.35,0.45,0,0,0,0,803.23,-0.0485,135.39,SAFE
MILK_1513,2026-09-06T19:00:00,199,4.99,4.39,0.5,7.86,1.49,29,0,0,0,878.25,-0.3001,124.42,SAFE
MILK_1514,2026-08-07T22:00:00,32,6.88,4.6,1.87,6.88,1.25,4,0,0,0,151.85,0.6425,300.42,SAFE
MILK_1515,2026-08-19T22:00:00,248,6.79,4.51,0.63,8.08,1.45,41,1,1,1,1122.71,0.4827,69.3,CAUTION
MILK_1516,2026-08-15T10:00:00,147,3.83,4.29,2.82,16.51,1.7,4,4,1,4,635.3,-0.1216,179.27,SAFE
MILK_1517,2026-09-09T13:00:00,351,6.68,7.07,3.91,9.36,0.98,300,69,53,3,2489.43,0.185,0.0,UNSAFE
MILK_1518,2026-08-18T18:00:00,352,4.66,4.5,0.5,8.67,1.51,51,5,5,1,1586.98,-0.1107,0.0,UNSAFE
MILK_1519,2026-08-21T22:00:00,221,6.81,7.16,4.0,9.99,1.02,191,47,37,5,1590.17,-0.5142,19.8,CAUTION
MILK_1520,2026-08-31T00:00:00,126,4.6,4.02,2.73,5.26,0.52,0,0,0,0,510.99,-0.0187,208.47,SAFE
MILK_1521,2026-08-26T17:00:00,208,3.84,3.99,2.8,5.6,0.54,0,0,0,0,834.76,0.036,126.77,SAFE
MILK_1522,2026-09-06T00:00:00,224,4.73,4.52,0.5,8.53,1.55,36,2,2,1,1017.71,-0.4739,94.26,SAFE
MILK_1523,2026-09-15T18:00:00,361,2.03,4.38,0.5,9.15,1.48,48,4,3,2,1585.55,-0.6635,0.0,UNSAFE
MILK_1524,2026-09-10T06:00:00,303,3.94,4.03,2.63,5.26,0.51,0,0,0,0,1225.15,-0.0778,30.52,CAUTION
MILK_1525,2026-09-08T20:00:00,253,4.66,4.63,0.5,9.11,1.53,48,5,5,1,1175.3,0.2255,60.0,CAUTION
MILK_1526,2026-08-18T22:00:00,212,3.31,4.02,2.5,5.28,0.51,0,0,0,0,856.35,-0.2627,122.19,SAFE
MILK_1527,2026-08-31T01:00:00,27,6.68,6.88,5.47,9.06,0.78,25,2,2,1,192.56,0.0113,297.45,SAFE
MILK_1528,2026-08-29T04:00:00,274,4.69,3.98,2.52,5.17,0.48,0,0,0,0,1095.22,0.1398,61.14,CAUTION
MILK_1529,2026-09-10T14:00:00,356,3.14,4.02,2.56,5.34,0.47,0,0,0,0,1434.58,-0.2377,0.0,UNSAFE
MILK_1530,2026-08-23T03:00:00,71,3.89,4.11,2.99,5.39,0.5,0,0,0,0,296.11,0.1072,262.99,SAFE
MILK_1531,2026-09-04T16:00:00,98,3.0,4.15,2.93,5.59,0.54,0,0,0,0,410.84,-0.4753,235.18,SAFE
MILK_1532,2026-09-05T03:00:00,118,6.42,6.98,5.04,9.92,1.0,95,16,13,4,830.99,-0.1231,169.83,SAFE
MILK_1533,2026-08-29T08:00:00,74,3.22,4.34,0.5,7.17,1.25,10,0,0,0,325.21,-0.428,257.45,SAFE
MILK_1534,2026-08-04T15:00:00,50,6.78,7.08,5.46,9.43,1.0,45,10,10,1,361.02,-0.058,264.03,SAFE
MILK_1535,2026-08-27T06:00:00,113,4.69,4.82,0.5,8.99,1.67,28,1,1,1,549.65,0.4263,209.14,SAFE
MILK_1536,2026-08-31T09:00:00,85,14.1,11.93,6.04,20.64,2.79,86,80,7,24,1026.4,0.9923,120.11,SAFE
MILK_1537,2026-09-02T17:00:00,142,3.5,4.62,2.8,17.1,2.68,8,8,1,8,659.98,-0.0149,172.91,SAFE
MILK_1538,2026-09-01T08:00:00,54,4.89,4.58,2.13,6.49,1.04,5,0,0,0,251.96,0.0513,277.0,SAFE
MILK_1539,2026-08-22T14:00:00,213,4.53,4.02,2.78,5.52,0.51,0,0,0,0,860.68,0.0747,121.15,SAFE
MILK_1540,2026-08-24T17:00:00,151,7.97,7.01,4.52,10.05,0.99,127,21,19,2,1065.9,0.4533,123.1,SAFE
MILK_1541,2026-08-18T06:00:00,16,4.92,4.04,0.89,8.26,1.96,3,1,1,1,68.75,-0.9126,318.51,SAFE
MILK_1542,2026-09-09T15:00:00,329,3.48,4.03,2.56,5.32,0.5,0,0,0,0,1329.61,0.0145,4.45,CAUTION
MILK_1543,2026-08-29T00:00:00,224,5.59,4.61,0.93,8.82,1.49,35,4,3,2,1037.89,0.1883,92.11,SAFE
MILK_1544,2026-08-08T03:00:00,86,3.85,3.97,1.85,5.3,0.59,0,0,0,0,345.18,-0.0658,249.13,SAFE
MILK_1545,2026-08-18T17:00:00,311,15.62,4.41,2.39,19.48,2.03,9,9,1,9,1376.22,0.6202,0.0,UNSAFE
MILK_1546,2026-09-02T19:00:00,64,4.9,4.44,0.5,8.53,1.59,10,1,1,1,288.88,-0.3569,266.7,SAFE
MILK_1547,2026-08-25T15:00:00,156,5.2,4.73,0.5,9.75,1.64,33,4,4,1,742.68,-0.5408,163.11,SAFE
MILK_1548,2026-09-05T11:00:00,186,6.63,6.91,3.93,9.3,1.05,145,30,27,2,1292.78,-0.298,76.76,SAFE
MILK_1549,2026-09-04T14:00:00,145,7.54,4.42,0.5,9.43,1.59,22,4,4,1,645.78,0.6544,180.63,SAFE
MILK_1550,2026-08-24T14:00:00,258,3.99,4.49,0.5,8.82,1.47,37,5,5,1,1161.69,-0.5005,59.18,CAUTION
MILK_1551,2026-08-30T07:00:00,252,3.64,4.07,2.14,18.19,1.53,4,4,1,4,1030.78,-0.0505,75.35,SAFE
MILK_1552,2026-08-12T23:00:00,83,3.67,4.38,2.6,15.42,1.89,3,3,1,3,367.57,0.0526,245.67,SAFE
MILK_1553,2026-08-28T13:00:00,363,6.55,7.04,3.85,9.91,1.07,302,69,61,3,2562.82,0.3437,0.0,UNSAFE
MILK_1554,2026-08-24T08:00:00,391,5.71,4.46,0.5,8.31,1.52,59,3,3,1,1747.89,-0.119,0.0,UNSAFE
MILK_1555,2026-08-24T16:00:00,200,7.85,7.02,3.82,9.4,1.06,167,43,34,3,1410.79,0.4697,54.07,CAUTION
MILK_1556,2026-08-08T07:00:00,165,11.48,11.38,1.8,20.13,2.93,163,146,17,25,1889.44,-0.4831,0.0,UNSAFE
MILK_1557,2026-08-21T05:00:00,261,4.36,4.31,2.66,17.84,2.01,8,8,1,8,1129.48,0.1265,54.78,CAUTION
MILK_1558,2026-08-27T09:00:00,126,4.97,4.48,2.74,17.33,2.39,5,5,1,5,568.91,0.3229,194.95,SAFE
MILK_1559,2026-08-31T20:00:00,174,4.87,4.54,0.5,8.39,1.48,36,1,1,1,795.35,-0.0508,147.76,SAFE
MILK_1560,2026-08-19T06:00:00,223,4.2,4.68,1.04,9.52,1.43,36,5,5,1,1048.11,-0.002,91.61,SAFE
MILK_1561,2026-08-23T03:00:00,55,5.3,4.58,0.5,7.61,1.62,9,0,0,0,256.65,-0.2782,275.36,SAFE
MILK_1562,2026-08-12T12:00:00,118,5.07,4.62,2.95,19.28,2.67,6,6,1,6,549.7,-2.8201,199.83,SAFE
MILK_1563,2026-09-10T05:00:00,398,3.21,3.97,2.14,5.44,0.49,0,0,0,0,1583.8,-0.384,0.0,UNSAFE
MILK_1564,2026-08-19T01:00:00,38,5.57,4.65,1.18,9.09,1.67,8,1,1,1,181.36,-0.202,293.39,SAFE
MILK_1565,2026-08-19T00:00:00,43,6.42,6.92,5.0,9.25,0.85,38,4,4,1,304.56,0.0976,275.08,SAFE
MILK_1566,2026-08-22T03:00:00,269,6.19,4.45,0.53,8.19,1.5,38,2,2,1,1202.16,-0.0377,48.37,CAUTION
MILK_1567,2026-08-24T18:00:00,278,2.73,4.51,0.5,9.1,1.52,46,2,2,1,1257.79,-0.2433,36.82,CAUTION
MILK_1568,2026-08-30T18:00:00,24,2.79,5.68,2.79,15.84,3.56,4,4,1,4,142.01,-0.1806,302.87,SAFE
MILK_1569,2026-08-30T21:00:00,39,7.14,6.78,4.87,9.88,0.93,33,4,4,1,271.07,0.1474,281.44,SAFE
MILK_1570,2026-08-18T04:00:00,243,4.57,4.07,2.7,5.18,0.47,0,0,0,0,993.47,0.1416,89.74,SAFE
MILK_1571,2026-08-17T21:00:00,370,4.47,3.96,2.46,5.38,0.52,0,0,0,0,1470.93,-0.0804,0.0,UNSAFE
MILK_1572,2026-08-15T14:00:00,198,5.81,4.63,1.34,9.27,1.52,38,2,2,1,920.48,0.2197,119.81,SAFE
MILK_1573,2026-09-07T18:00:00,268,6.29,6.98,4.08,9.92,1.11,215,53,42,3,1878.75,0.2282,0.0,UNSAFE
MILK_1574,2026-08-16T21:00:00,73,5.2,7.04,5.2,9.34,1.02,63,14,12,2,520.91,0.0314,232.01,SAFE
MILK_1575,2026-08-27T13:00:00,133,2.67,4.54,0.9,8.66,1.49,23,1,1,1,608.86,0.1352,191.83,SAFE
MILK_1576,2026-08-25T17:00:00,314,5.6,4.48,0.5,8.77,1.61,47,5,5,1,1412.71,0.1826,0.0,UNSAFE
MILK_1577,2026-08-25T17:00:00,252,1.35,4.55,1.03,8.55,1.43,42,1,1,1,1151.85,-0.7791,63.8,CAUTION
MILK_1578,2026-08-27T14:00:00,189,3.74,4.01,2.23,5.32,0.47,0,0,0,0,761.61,-0.0393,145.57,SAFE
MILK_1579,2026-08-18T03:00:00,142,6.65,4.53,1.01,8.11,1.52,23,2,2,1,647.08,0.3196,182.41,SAFE
MILK_1580,2026-08-27T06:00:00,56,5.44,4.52,0.5,7.5,1.54,9,0,0,0,257.66,-0.1713,274.79,SAFE
MILK_1581,2026-08-18T15:00:00,207,2.44,4.46,0.5,8.87,1.47,32,2,2,1,928.04,-1.0029,114.29,SAFE
MILK_1582,2026-08-14T19:00:00,302,3.37,4.04,2.6,6.09,0.46,1,0,0,0,1223.08,-0.2169,31.39,CAUTION
MILK_1583,2026-08-30T09:00:00,123,5.05,4.54,1.13,9.09,1.46,15,2,2,1,562.77,0.067,202.72,SAFE
MILK_1584,2026-09-05T03:00:00,356,2.77,4.62,0.5,8.18,1.57,82,3,3,1,1648.85,-0.5962,0.0,UNSAFE
MILK_1585,2026-08-21T15:00:00,343,6.62,4.68,0.5,9.6,1.58,69,4,4,1,1608.66,-0.0184,0.0,UNSAFE
MILK_1586,2026-08-15T12:00:00,20,3.69,3.89,2.74,4.91,0.64,0,0,0,0,81.76,-0.2913,315.19,SAFE
MILK_1587,2026-08-29T11:00:00,14,3.39,3.93,2.98,4.7,0.45,0,0,0,0,58.98,-0.1236,321.09,SAFE
MILK_1588,2026-08-30T09:00:00,341,3.62,4.25,2.68,19.02,1.84,7,7,1,7,1452.85,-0.1046,0.0,UNSAFE
MILK_1589,2026-08-31T04:00:00,124,4.72,4.01,2.65,5.1,0.5,0,0,0,0,501.46,0.1054,210.65,SAFE
MILK_1590,2026-08-16T17:00:00,166,0.9,4.51,0.9,10.18,1.6,27,4,4,1,753.22,-0.6393,156.59,SAFE
MILK_1591,2026-09-07T01:00:00,339,6.2,4.64,0.81,8.01,1.49,64,1,1,1,1579.23,0.1297,0.0,UNSAFE
MILK_1592,2026-08-17T23:00:00,202,4.57,3.95,2.7,5.49,0.53,0,0,0,0,802.7,0.1038,133.67,SAFE
MILK_1593,2026-09-07T16:00:00,245,5.43,4.46,0.5,8.34,1.39,30,3,3,1,1097.4,-0.3491,74.16,SAFE
MILK_1594,2026-08-19T14:00:00,248,6.15,4.44,0.5,8.17,1.52,41,2,2,1,1105.88,-0.2439,70.98,CAUTION
MILK_1595,2026-08-22T09:00:00,276,4.55,3.98,2.54,5.31,0.48,0,0,0,0,1101.34,0.1655,59.34,CAUTION
MILK_1596,2026-09-05T16:00:00,213,3.62,3.96,2.33,5.18,0.48,0,0,0,0,848.06,-0.186,122.58,SAFE
MILK_1597,2026-08-19T16:00:00,13,4.03,4.7,2.67,6.94,1.09,2,0,0,0,65.8,-0.5823,320.77,SAFE
MILK_1598,2026-08-26T06:00:00,201,4.03,4.02,2.72,5.21,0.52,0,0,0,0,812.08,-0.0578,133.22,SAFE
MILK_1599,2026-08-31T22:00:00,314,3.26,3.98,2.79,5.14,0.46,0,0,0,0,1254.51,-0.2038,21.2,CAUTION
MILK_1600,2026-08-27T03:00:00,162,4.21,4.03,2.49,5.16,0.52,0,0,0,0,657.37,0.142,172.14,SAFE
MILK_1601,2026-09-01T19:00:00,256,7.82,7.01,4.12,10.42,1.04,215,46,40,3,1801.19,0.3329,0.0,UNSAFE
MILK_1602,2026-08-09T17:00:00,151,4.57,4.35,1.2,8.09,1.39,16,1,1,1,660.62,-0.9456,176.27,SAFE
MILK_1603,2026-08-27T17:00:00,151,5.17,4.63,0.5,8.28,1.57,30,1,1,1,703.64,0.0285,170.68,SAFE
MILK_1604,2026-08-25T10:00:00,374,7.61,7.12,4.15,9.49,0.95,325,70,57,3,2670.21,0.3493,0.0,UNSAFE
MILK_1605,2026-09-07T14:00:00,162,2.92,4.33,0.5,8.02,1.58,20,1,1,1,706.18,-0.5662,164.38,SAFE
MILK_1606,2026-08-18T14:00:00,274,5.57,4.44,0.5,8.67,1.55,36,4,4,1,1221.52,-0.0855,43.13,CAUTION
MILK_1607,2026-08-26T22:00:00,39,3.3,4.09,0.5,6.6,1.49,4,0,0,0,163.42,0.1701,295.09,SAFE
MILK_1608,2026-09-04T19:00:00,216,17.86,12.11,1.14,20.44,3.1,211,195,21,26,2627.13,1.9861,0.0,UNSAFE
MILK_1609,2026-09-06T08:00:00,358,4.16,4.01,2.72,5.51,0.46,0,0,0,0,1439.7,-0.069,0.0,UNSAFE
MILK_1610,2026-08-06T22:00:00,23,6.18,7.16,5.06,8.7,0.96,21,6,6,1,171.93,-0.6522,301.84,SAFE
MILK_1611,2026-08-28T08:00:00,161,3.91,3.99,2.59,5.31,0.51,0,0,0,0,647.17,0.1248,173.84,SAFE
MILK_1612,2026-08-18T14:00:00,217,4.34,4.03,2.76,5.26,0.49,0,0,0,0,878.53,-0.0215,116.96,SAFE
MILK_1613,2026-08-15T03:00:00,28,4.29,3.89,3.29,5.05,0.44,0,0,0,0,112.94,0.1813,307.3,SAFE
MILK_1614,2026-09-01T12:00:00,302,4.16,4.0,2.67,5.46,0.49,0,0,0,0,1210.53,0.1148,32.72,CAUTION
MILK_1615,2026-09-03T23:00:00,185,8.67,11.95,3.81,21.86,3.29,180,164,21,30,2222.2,-0.4085,0.0,UNSAFE
MILK_1616,2026-08-30T01:00:00,123,3.22,4.5,3.06,15.42,2.32,7,7,1,7,557.41,-0.0252,199.01,SAFE
MILK_1617,2026-09-05T08:00:00,353,2.27,4.62,0.5,10.38,1.52,62,3,3,1,1634.35,-0.559,0.0,UNSAFE
MILK_1618,2026-08-19T11:00:00,163,7.26,4.41,0.5,8.25,1.58,28,1,1,1,722.67,0.8425,161.94,SAFE
MILK_1619,2026-09-11T15:00:00,346,8.5,6.84,3.81,9.8,1.02,277,50,44,2,2373.7,0.4779,0.0,UNSAFE
MILK_1620,2026-09-02T23:00:00,102,3.44,4.28,0.98,7.7,1.3,9,0,0,0,441.05,0.7798,228.66,SAFE
MILK_1621,2026-08-20T14:00:00,251,4.26,4.49,0.79,8.11,1.59,50,2,2,1,1132.29,0.1698,65.86,CAUTION
MILK_1622,2026-08-11T21:00:00,142,11.65,11.99,5.24,20.17,2.94,141,130,12,27,1713.99,1.3127,0.0,UNSAFE
MILK_1623,2026-09-10T09:00:00,400,3.76,4.46,0.5,8.69,1.46,56,4,4,1,1789.23,-0.0901,0.0,UNSAFE
MILK_1624,2026-09-14T03:00:00,358,4.32,4.24,2.73,19.21,1.8,8,8,1,8,1522.47,0.1889,0.0,UNSAFE
MILK_1625,2026-08-11T06:00:00,191,3.75,4.05,2.62,5.61,0.5,0,0,0,0,777.66,0.1811,142.65,SAFE
MILK_1626,2026-08-15T22:00:00,167,2.9,4.5,2.56,17.26,2.4,9,9,1,9,756.78,-0.129,149.3,SAFE
MILK_1627,2026-09-06T18:00:00,200,4.54,4.45,0.5,9.29,1.51,30,2,2,1,893.65,0.6525,121.97,SAFE
MILK_1628,2026-08-16T10:00:00,160,12.68,11.65,2.74,21.76,3.05,157,139,20,26,1875.48,-0.9658,0.0,UNSAFE
MILK_1629,2026-08-25T13:00:00,250,4.19,4.3,2.31,18.12,1.99,9,9,1,9,1080.04,-0.0591,67.24,CAUTION
MILK_1630,2026-09-03T13:00:00,307,6.8,7.03,3.92,9.44,0.97,263,51,44,2,2166.67,0.3345,0.0,UNSAFE
MILK_1631,2026-09-02T17:00:00,46,7.58,5.04,2.71,8.26,1.33,11,1,1,1,236.66,0.1213,282.76,SAFE
MILK_1632,2026-08-27T08:00:00,266,2.91,4.41,0.5,8.57,1.61,45,2,2,1,1176.37,-0.8283,52.46,CAUTION
MILK_1633,2026-08-13T10:00:00,205,3.94,3.98,2.0,5.34,0.55,0,0,0,0,819.95,0.2435,130.07,SAFE
MILK_1634,2026-08-26T14:00:00,221,7.87,7.0,3.83,9.89,1.02,185,30,26,3,1553.49,-0.0132,25.48,CAUTION
MILK_1635,2026-08-05T12:00:00,80,4.45,3.86,2.67,5.11,0.54,0,0,0,0,312.69,0.4725,256.09,SAFE
MILK_1636,2026-08-16T13:00:00,219,8.03,11.91,1.03,19.04,3.03,215,198,20,30,2619.61,-0.7041,0.0,UNSAFE
MILK_1637,2026-08-23T01:00:00,83,7.21,6.94,4.72,9.82,0.96,72,11,8,3,582.87,-0.278,219.34,SAFE
MILK_1638,2026-08-16T04:00:00,102,3.72,4.55,1.41,8.54,1.41,15,1,1,1,468.71,-0.547,225.25,SAFE
MILK_1639,2026-09-04T21:00:00,259,3.42,4.36,2.72,18.35,2.05,8,8,1,8,1132.66,0.0201,55.08,CAUTION
MILK_1640,2026-08-20T08:00:00,334,6.48,4.49,0.5,9.63,1.53,61,3,3,1,1505.08,0.4707,0.0,UNSAFE
MILK_1641,2026-08-12T01:00:00,241,7.06,6.95,4.51,9.66,0.93,202,29,28,2,1680.78,0.2164,0.0,UNSAFE
MILK_1642,2026-08-25T21:00:00,399,5.71,4.47,0.5,8.72,1.53,67,6,6,1,1788.82,0.2527,0.0,UNSAFE
MILK_1643,2026-09-06T22:00:00,305,2.2,4.57,0.5,7.9,1.47,48,0,0,0,1399.14,0.2723,5.87,CAUTION
MILK_1644,2026-09-05T01:00:00,260,3.38,4.02,2.67,5.89,0.52,0,0,0,0,1050.45,0.0052,73.87,SAFE
MILK_1645,2026-08-29T06:00:00,76,3.04,4.05,2.96,5.26,0.47,0,0,0,0,312.08,-0.326,258.45,SAFE
MILK_1646,2026-09-03T11:00:00,334,3.44,3.98,2.55,5.34,0.48,0,0,0,0,1332.59,-0.2167,1.36,CAUTION
MILK_1647,2026-08-24T01:00:00,229,3.77,3.96,2.71,5.12,0.44,0,0,0,0,911.8,-0.1561,106.63,SAFE
MILK_1648,2026-09-09T05:00:00,206,4.71,4.48,1.29,8.39,1.46,34,2,2,1,927.2,-0.1877,114.98,SAFE
MILK_1649,2026-08-12T20:00:00,283,11.86,11.81,4.21,21.09,3.02,276,253,29,40,3353.97,0.4351,0.0,UNSAFE
MILK_1650,2026-08-16T08:00:00,201,6.77,4.57,1.39,8.02,1.35,30,1,1,1,923.1,0.4418,118.56,SAFE
MILK_1651,2026-09-07T06:00:00,174,3.74,4.01,2.67,5.49,0.48,0,0,0,0,702.17,-0.0481,160.52,SAFE
MILK_1652,2026-08-30T03:00:00,107,4.41,4.62,0.5,7.88,1.53,19,0,0,0,498.64,0.1553,218.81,SAFE
MILK_1653,2026-08-02T09:00:00,12,3.45,4.31,2.56,7.91,1.37,1,0,0,0,55.98,0.3984,322.39,SAFE
MILK_1654,2026-08-27T16:00:00,137,4.9,4.72,0.5,8.1,1.52,26,1,1,1,650.81,-0.2009,184.62,SAFE
MILK_1655,2026-08-16T16:00:00,186,3.63,3.94,2.6,5.26,0.52,0,0,0,0,736.63,-0.3815,149.95,SAFE
MILK_1656,2026-08-12T18:00:00,62,2.17,4.65,0.5,8.22,1.46,8,2,2,1,293.24,-0.269,267.43,SAFE
MILK_1657,2026-08-26T15:00:00,311,2.98,4.01,2.35,5.36,0.52,0,0,0,0,1251.19,-0.4075,23.14,CAUTION
MILK_1658,2026-08-12T00:00:00,43,4.87,4.57,1.16,6.84,1.49,9,0,0,0,201.06,0.0559,288.54,SAFE
MILK_1659,2026-09-02T19:00:00,162,7.8,4.27,0.76,8.84,1.56,19,2,2,1,695.94,0.2771,165.6,SAFE
MILK_1660,2026-09-10T12:00:00,243,4.54,4.45,0.5,8.62,1.45,37,2,2,1,1085.22,0.1643,76.4,SAFE
MILK_1661,2026-09-06T19:00:00,315,6.57,4.41,0.51,9.28,1.53,46,4,4,1,1392.1,-0.3772,0.88,CAUTION
MILK_1662,2026-08-27T02:00:00,232,6.7,4.45,0.5,8.73,1.57,40,1,1,1,1037.59,1.2736,87.42,SAFE
MILK_1663,2026-09-02T03:00:00,78,4.43,4.84,2.64,18.24,3.1,6,6,1,6,382.16,-0.0507,241.67,SAFE
MILK_1664,2026-08-16T04:00:00,94,3.94,4.44,3.13,16.46,1.99,3,3,1,3,421.88,0.0255,232.69,SAFE
MILK_1665,2026-08-24T05:00:00,382,3.91,4.01,2.21,5.62,0.53,0,0,0,0,1534.38,0.1354,0.0,UNSAFE
MILK_1666,2026-08-21T07:00:00,385,3.25,4.0,2.75,5.41,0.51,0,0,0,0,1544.54,-0.2136,0.0,UNSAFE
MILK_1667,2026-08-12T22:00:00,268,4.39,3.97,2.5,5.3,0.5,0,0,0,0,1067.12,-0.0489,67.56,CAUTION
MILK_1668,2026-08-14T08:00:00,197,13.5,11.74,4.76,19.51,2.89,193,180,17,34,2325.37,1.3545,0.0,UNSAFE
MILK_1669,2026-08-25T01:00:00,29,4.45,6.93,2.96,16.88,4.64,8,8,1,8,207.82,0.0117,287.81,SAFE
MILK_1670,2026-08-23T10:00:00,329,3.15,4.45,0.5,8.8,1.47,45,2,2,1,1467.35,-0.2856,0.0,UNSAFE
MILK_1671,2026-08-04T05:00:00,34,6.55,7.23,5.39,9.32,1.01,30,7,6,2,252.9,0.397,285.81,SAFE
MILK_1672,2026-09-05T11:00:00,344,3.88,3.99,2.8,5.4,0.5,0,0,0,0,1377.7,-0.1884,0.0,UNSAFE
MILK_1673,2026-08-28T10:00:00,34,4.43,3.81,2.97,4.86,0.45,0,0,0,0,133.39,-0.1028,301.68,SAFE
MILK_1674,2026-09-01T10:00:00,223,3.71,4.04,2.75,5.17,0.45,0,0,0,0,904.72,-0.1979,110.76,SAFE
MILK_1675,2026-08-18T13:00:00,73,6.93,7.04,4.59,9.38,0.92,65,11,8,2,520.73,-0.1412,232.17,SAFE
MILK_1676,2026-08-28T20:00:00,252,7.25,7.08,4.33,9.71,0.94,223,45,39,3,1790.05,-0.0941,0.0,UNSAFE
MILK_1677,2026-08-27T23:00:00,115,6.37,12.04,3.65,19.13,2.84,114,106,10,21,1396.66,-0.5733,41.77,CAUTION
MILK_1678,2026-09-06T17:00:00,332,4.47,3.99,2.46,5.31,0.51,0,0,0,0,1328.25,-0.1617,2.88,CAUTION
MILK_1679,2026-08-10T18:00:00,225,2.5,4.34,0.5,8.48,1.43,26,2,2,1,979.87,-0.8498,98.59,SAFE
MILK_1680,2026-09-05T16:00:00,349,4.12,4.69,0.5,9.37,1.47,69,4,4,1,1641.18,-0.0942,0.0,UNSAFE
MILK_1681,2026-08-31T00:00:00,328,4.36,3.98,2.57,5.13,0.49,0,0,0,0,1308.35,-0.1942,7.36,CAUTION
MILK_1682,2026-08-24T06:00:00,80,3.47,3.9,2.72,5.28,0.53,0,0,0,0,315.68,-0.0533,255.77,SAFE
MILK_1683,2026-08-25T10:00:00,271,5.43,4.58,1.05,8.69,1.51,43,4,4,1,1246.78,0.3442,41.99,CAUTION
MILK_1684,2026-08-27T17:00:00,70,5.15,4.61,0.87,8.05,1.45,15,1,1,1,327.23,0.4115,259.12,SAFE
MILK_1685,2026-08-12T19:00:00,64,5.4,4.39,1.45,7.39,1.44,7,0,0,0,285.14,-0.0458,267.33,SAFE
MILK_1686,2026-08-29T15:00:00,321,3.13,4.31,0.5,8.2,1.6,53,1,1,1,1387.95,0.1231,0.0,UNSAFE
MILK_1687,2026-08-18T21:00:00,277,4.19,4.01,2.63,5.59,0.49,0,0,0,0,1116.05,0.0456,57.15,CAUTION
MILK_1688,2026-08-22T21:00:00,370,4.86,11.88,2.95,20.83,2.96,365,338,29,58,4409.05,-1.6995,0.0,UNSAFE
MILK_1689,2026-08-18T05:00:00,92,4.97,4.32,1.67,8.06,1.52,14,1,1,1,401.42,-0.283,238.36,SAFE
MILK_1690,2026-08-13T17:00:00,264,4.94,4.54,0.79,8.66,1.44,38,3,3,1,1204.02,-0.2954,51.15,CAUTION
MILK_1691,2026-09-14T08:00:00,362,4.77,4.02,2.85,5.48,0.47,0,0,0,0,1459.12,0.1674,0.0,UNSAFE
MILK_1692,2026-09-07T02:00:00,179,4.73,4.49,0.5,8.12,1.52,30,1,1,1,808.8,0.0468,143.31,SAFE
MILK_1693,2026-08-08T16:00:00,16,6.12,4.58,2.23,8.3,1.34,2,1,1,1,77.86,-0.0084,317.68,SAFE
MILK_1694,2026-08-24T20:00:00,66,4.05,4.02,2.91,5.24,0.53,0,0,0,0,269.52,0.072,268.72,SAFE
MILK_1695,2026-09-11T10:00:00,352,4.89,4.42,0.5,9.7,1.52,45,6,6,1,1561.35,0.6226,0.0,UNSAFE
MILK_1696,2026-08-18T12:00:00,56,4.98,4.74,1.63,7.63,1.31,12,0,0,0,270.4,-0.6181,273.5,SAFE
MILK_1697,2026-08-27T16:00:00,48,5.77,4.29,1.39,6.83,1.39,5,0,0,0,210.34,0.2471,284.81,SAFE
MILK_1698,2026-08-27T12:00:00,61,6.0,7.09,4.66,9.63,0.95,55,8,8,1,439.51,-0.1156,248.46,SAFE
MILK_1699,2026-09-12T11:00:00,339,3.29,4.05,2.61,5.88,0.54,0,0,0,0,1377.47,-0.1623,0.0,UNSAFE
MILK_1700,2026-08-15T07:00:00,161,5.07,4.4,0.5,8.41,1.52,26,1,1,1,712.12,-0.5623,164.48,SAFE
MILK_1701,2026-08-11T01:00:00,35,0.66,4.2,0.66,7.0,1.6,3,0,0,0,151.17,-1.0613,298.64,SAFE
MILK_1702,2026-08-05T11:00:00,30,4.04,4.51,0.5,8.19,1.75,6,1,1,1,139.84,0.0865,302.6,SAFE
MILK_1703,2026-09-05T11:00:00,194,4.88,4.55,0.5,8.13,1.53,32,3,3,1,886.77,-0.0584,125.99,SAFE
MILK_1704,2026-09-02T23:00:00,170,4.78,3.99,2.64,5.23,0.53,0,0,0,0,682.58,0.4712,164.87,SAFE
MILK_1705,2026-08-17T20:00:00,69,6.64,4.23,1.02,6.9,1.32,7,0,0,0,296.29,0.3508,263.43,SAFE
MILK_1706,2026-08-04T15:00:00,14,3.76,4.43,2.3,5.95,1.06,0,0,0,0,66.52,-0.5847,320.16,SAFE
MILK_1707,2026-09-11T17:00:00,349,5.78,4.45,0.5,9.65,1.61,56,7,6,2,1558.3,-0.5571,0.0,UNSAFE
MILK_1708,2026-08-28T15:00:00,178,3.52,4.32,2.34,16.54,1.95,6,6,1,6,773.01,-0.0106,144.32,SAFE
MILK_1709,2026-09-06T22:00:00,147,3.9,4.73,0.5,8.7,1.48,23,2,2,1,699.5,0.0105,173.56,SAFE
MILK_1710,2026-09-01T08:00:00,57,3.99,4.04,2.67,5.12,0.53,0,0,0,0,234.54,-0.075,277.62,SAFE
MILK_1711,2026-08-16T17:00:00,103,1.18,4.59,0.5,8.12,1.51,15,1,1,1,477.34,-0.6287,223.54,SAFE
MILK_1712,2026-08-13T10:00:00,214,7.07,6.96,4.9,9.31,0.92,183,34,28,3,1497.44,0.2402,36.69,CAUTION
MILK_1713,2026-09-06T19:00:00,149,10.9,12.13,4.9,21.1,3.07,146,137,14,27,1820.23,0.9817,0.0,UNSAFE
MILK_1714,2026-09-11T15:00:00,363,4.3,4.25,2.68,19.28,1.74,9,9,1,9,1546.13,-0.0499,0.0,UNSAFE
MILK_1715,2026-08-18T19:00:00,95,4.76,4.02,2.7,5.35,0.51,0,0,0,0,385.74,0.2502,239.66,SAFE
MILK_1716,2026-08-19T10:00:00,366,5.14,4.03,2.59,5.8,0.52,0,0,0,0,1480.45,0.1379,0.0,UNSAFE
MILK_1717,2026-08-27T20:00:00,91,3.64,4.76,3.0,18.29,3.19,6,6,1,6,438.31,-0.0556,226.11,SAFE
MILK_1718,2026-09-10T11:00:00,257,4.68,4.59,0.5,8.09,1.46,42,1,1,1,1185.48,-0.0061,57.05,CAUTION
MILK_1719,2026-09-10T15:00:00,357,5.97,4.57,0.5,9.27,1.47,58,4,4,1,1634.59,-0.1303,0.0,UNSAFE
MILK_1720,2026-08-28T15:00:00,322,4.5,3.95,2.63,5.32,0.54,0,0,0,0,1276.01,-0.0354,14.19,CAUTION
MILK_1721,2026-08-26T22:00:00,323,5.9,4.44,0.8,9.63,1.57,53,4,4,1,1439.0,-0.2337,0.0,UNSAFE
MILK_1722,2026-08-17T19:00:00,382,4.58,3.99,2.33,5.44,0.49,0,0,0,0,1529.38,0.324,0.0,UNSAFE
MILK_1723,2026-09-08T21:00:00,257,4.06,3.97,2.5,5.18,0.48,0,0,0,0,1025.33,-0.1222,78.38,SAFE
MILK_1724,2026-09-02T10:00:00,67,4.16,5.02,3.07,18.75,3.27,6,6,1,6,341.12,-1.3371,252.43,SAFE
MILK_1725,2026-08-16T19:00:00,42,4.74,4.59,0.97,6.99,1.36,5,0,0,0,197.49,0.0209,289.61,SAFE
MILK_1726,2026-08-16T22:00:00,170,6.96,6.9,4.25,10.23,1.08,135,28,23,3,1180.67,-0.0542,99.06,SAFE
MILK_1727,2026-08-16T19:00:00,357,4.38,4.25,2.63,17.0,1.73,9,9,1,9,1522.09,0.1218,0.0,UNSAFE
MILK_1728,2026-09-09T14:00:00,380,5.0,6.99,3.54,10.0,1.02,317,64,57,3,2663.01,-0.5821,0.0,UNSAFE
MILK_1729,2026-09-02T23:00:00,352,5.1,4.53,0.5,8.11,1.46,55,2,2,1,1598.67,0.9946,0.0,UNSAFE
MILK_1730,2026-09-08T21:00:00,275,7.07,4.56,0.5,8.83,1.53,46,3,3,1,1259.14,0.6217,38.22,CAUTION
MILK_1731,2026-09-02T06:00:00,368,7.07,7.02,4.01,9.71,1.01,314,69,55,4,2590.47,-0.0172,0.0,UNSAFE
MILK_1732,2026-08-29T18:00:00,231,4.73,4.01,2.63,5.1,0.48,0,0,0,0,930.64,0.1131,103.38,SAFE
MILK_1733,2026-08-28T16:00:00,137,6.39,7.11,3.72,9.59,1.08,119,27,22,3,981.65,-0.1956,140.35,SAFE
MILK_1734,2026-08-31T00:00:00,349,4.02,4.19,2.44,18.34,1.55,6,6,1,6,1468.16,-0.098,0.0,UNSAFE
MILK_1735,2026-08-19T04:00:00,323,17.37,12.29,4.93,21.27,2.92,321,300,24,34,3983.53,1.2689,0.0,UNSAFE
MILK_1736,2026-08-16T03:00:00,339,4.02,4.26,2.46,17.87,1.67,7,7,1,7,1447.78,0.1783,0.0,UNSAFE
MILK_1737,2026-09-08T14:00:00,263,6.09,4.45,1.12,8.73,1.35,37,2,2,1,1175.66,0.5681,55.44,CAUTION
MILK_1738,2026-08-30T05:00:00,48,9.11,4.66,0.61,9.11,1.44,7,1,1,1,228.18,0.9011,282.67,SAFE
MILK_1739,2026-09-01T21:00:00,174,4.12,4.33,2.57,17.68,1.83,5,5,1,5,757.11,0.0205,149.14,SAFE
MILK_1740,2026-08-20T06:00:00,269,3.6,4.48,0.5,7.95,1.53,51,0,0,0,1210.61,-0.0695,47.25,CAUTION
MILK_1741,2026-08-22T20:00:00,339,3.59,4.19,2.66,18.38,1.56,6,6,1,6,1424.86,-0.2765,0.0,UNSAFE
MILK_1742,2026-08-29T09:00:00,50,3.84,4.74,2.03,7.42,1.25,10,0,0,0,241.63,-0.14,280.16,SAFE
MILK_1743,2026-08-28T05:00:00,303,4.27,4.09,2.74,17.69,1.2,3,3,1,3,1242.34,-0.0021,25.05,CAUTION
MILK_1744,2026-09-07T13:00:00,238,3.91,4.56,1.3,8.9,1.42,36,1,1,1,1089.64,-0.0442,78.75,SAFE
MILK_1745,2026-08-22T03:00:00,264,4.83,4.56,0.5,8.58,1.54,51,3,3,1,1207.23,0.0843,50.23,CAUTION
MILK_1746,2026-08-25T15:00:00,19,3.42,3.94,2.89,4.86,0.5,0,0,0,0,78.76,0.0525,316.11,SAFE
MILK_1747,2026-08-13T17:00:00,221,4.4,3.99,2.73,5.48,0.53,0,0,0,0,886.11,0.1478,113.83,SAFE
MILK_1748,2026-08-14T20:00:00,291,3.37,3.99,2.27,5.49,0.47,0,0,0,0,1166.28,0.0454,43.8,CAUTION
MILK_1749,2026-08-14T09:00:00,319,3.38,4.61,0.5,10.15,1.58,53,3,3,1,1476.75,-1.1842,0.0,UNSAFE
MILK_1750,2026-09-14T19:00:00,336,5.58,4.36,0.5,9.2,1.55,52,4,4,1,1470.75,0.7514,0.0,UNSAFE
MILK_1751,2026-08-23T01:00:00,297,5.05,4.04,2.6,5.71,0.48,0,0,0,0,1203.67,0.4225,36.3,CAUTION
MILK_1752,2026-08-22T13:00:00,353,4.53,4.14,2.38,17.3,1.32,5,5,1,5,1465.81,-0.0826,0.0,UNSAFE
MILK_1753,2026-08-17T05:00:00,124,5.02,4.45,0.62,8.01,1.56,22,1,1,1,556.79,0.1189,202.69,SAFE
MILK_1754,2026-09-05T01:00:00,179,4.88,4.06,2.52,5.54,0.46,0,0,0,0,730.43,0.1638,154.62,SAFE
MILK_1755,2026-09-01T00:00:00,317,4.47,3.94,2.82,5.15,0.46,0,0,0,0,1253.3,0.1028,19.64,CAUTION
MILK_1756,2026-08-31T08:00:00,346,8.15,7.12,4.68,10.3,0.93,303,64,55,3,2470.55,0.0677,0.0,UNSAFE
MILK_1757,2026-08-22T23:00:00,241,10.66,11.94,3.86,18.25,3.0,230,215,26,27,2888.82,-0.6744,0.0,UNSAFE
MILK_1758,2026-08-20T17:00:00,398,4.77,4.52,0.5,9.06,1.53,78,3,3,1,1804.57,0.4734,0.0,UNSAFE
MILK_1759,2026-08-22T18:00:00,11,9.78,8.37,2.65,17.87,5.75,5,5,1,5,100.39,-0.6459,312.03,SAFE
MILK_1760,2026-09-03T11:00:00,159,13.75,12.5,4.66,22.06,3.17,155,147,12,27,2000.2,0.3867,0.0,UNSAFE
MILK_1761,2026-08-27T01:00:00,201,5.19,6.97,4.46,9.62,0.95,172,28,25,2,1407.58,-0.6705,54.58,CAUTION
MILK_1762,2026-08-24T12:00:00,33,0.72,4.19,0.72,6.45,1.43,2,0,0,0,142.5,-0.396,300.86,SAFE
MILK_1763,2026-09-09T03:00:00,262,4.58,4.32,2.5,17.74,2.12,9,9,1,9,1136.72,0.1896,52.14,CAUTION
MILK_1764,2026-09-08T18:00:00,379,7.17,4.49,0.5,8.65,1.6,62,5,5,1,1705.07,0.402,0.0,UNSAFE
MILK_1765,2026-08-19T23:00:00,140,5.12,4.59,1.3,8.74,1.38,22,1,1,1,647.84,-0.2896,183.75,SAFE
MILK_1766,2026-08-24T16:00:00,106,4.2,3.99,2.64,5.33,0.52,0,0,0,0,426.77,0.064,228.96,SAFE
MILK_1767,2026-08-09T12:00:00,120,3.49,4.46,0.5,8.37,1.52,20,2,2,1,539.39,0.0707,206.96,SAFE
MILK_1768,2026-08-30T22:00:00,376,4.13,4.05,2.51,5.41,0.51,0,0,0,0,1526.82,0.1417,0.0,UNSAFE
MILK_1769,2026-08-27T16:00:00,397,3.62,4.05,2.4,5.6,0.53,0,0,0,0,1609.98,-0.0646,0.0,UNSAFE
MILK_1770,2026-08-27T23:00:00,334,12.2,11.97,3.7,20.49,3.16,328,299,34,24,4011.29,-1.4466,0.0,UNSAFE
MILK_1771,2026-09-09T20:00:00,311,4.33,4.01,2.74,5.77,0.51,0,0,0,0,1252.19,0.0669,23.04,CAUTION
MILK_1772,2026-08-14T18:00:00,244,4.48,4.46,0.5,8.93,1.57,42,2,2,1,1093.15,0.0035,74.39,SAFE
MILK_1773,2026-09-02T22:00:00,268,5.04,4.58,0.5,8.5,1.46,44,3,3,1,1231.74,0.2877,45.64,CAUTION
MILK_1774,2026-08-06T03:00:00,12,9.16,5.21,3.63,9.16,1.66,4,1,1,1,67.71,0.8177,320.89,SAFE
MILK_1775,2026-08-19T09:00:00,34,2.92,4.94,2.25,8.16,1.52,9,1,1,1,172.98,-0.0781,296.64,SAFE
MILK_1776,2026-08-31T10:00:00,309,10.69,11.85,1.35,21.43,3.15,300,277,29,28,3673.5,-0.4113,0.0,UNSAFE
MILK_1777,2026-08-20T20:00:00,100,5.16,3.96,2.77,5.16,0.51,0,0,0,0,399.93,0.4247,235.29,SAFE
MILK_1778,2026-08-27T20:00:00,98,4.62,4.33,0.5,7.63,1.63,16,0,0,0,428.94,0.1027,231.67,SAFE
MILK_1779,2026-08-26T19:00:00,63,4.12,3.96,2.84,4.86,0.46,0,0,0,0,253.13,-0.0411,272.23,SAFE
MILK_1780,2026-08-27T02:00:00,317,1.51,4.48,0.5,8.43,1.55,55,3,3,1,1423.38,-0.8661,0.0,UNSAFE
MILK_1781,2026-08-31T14:00:00,268,6.91,4.67,0.88,7.96,1.48,58,0,0,0,1256.84,0.2403,42.54,CAUTION
MILK_1782,2026-09-07T20:00:00,224,4.25,4.39,2.71,18.12,2.32,8,8,1,8,988.82,-0.0612,88.83,SAFE
MILK_1783,2026-08-31T13:00:00,150,3.28,4.67,1.63,8.69,1.51,33,1,1,1,705.04,-0.4926,171.22,SAFE
MILK_1784,2026-08-20T02:00:00,160,7.95,6.94,3.6,9.44,1.06,132,24,20,2,1116.72,-0.1586,112.2,SAFE
MILK_1785,2026-08-18T12:00:00,80,3.56,3.94,2.3,5.28,0.5,0,0,0,0,319.34,-0.1608,255.39,SAFE
MILK_1786,2026-08-30T03:00:00,368,6.49,6.95,4.13,9.93,1.0,300,49,43,3,2563.28,-0.2798,0.0,UNSAFE
MILK_1787,2026-09-10T07:00:00,272,1.9,4.48,0.73,8.84,1.52,46,2,2,1,1224.13,-0.9318,44.07,CAUTION
MILK_1788,2026-08-23T00:00:00,290,5.97,4.39,0.5,9.36,1.44,39,1,1,1,1277.03,0.124,28.52,CAUTION
MILK_1789,2026-09-13T00:00:00,374,4.34,4.54,0.93,8.62,1.54,64,6,6,1,1701.27,0.6342,0.0,UNSAFE
MILK_1790,2026-09-07T14:00:00,333,4.65,4.44,0.88,8.78,1.48,55,2,2,1,1484.06,-0.1871,0.0,UNSAFE
MILK_1791,2026-08-12T03:00:00,117,4.99,4.84,2.73,18.41,2.94,8,8,1,8,571.39,0.101,196.27,SAFE
MILK_1792,2026-08-18T15:00:00,186,5.07,4.58,0.58,8.0,1.63,43,0,0,0,856.39,0.575,133.49,SAFE
MILK_1793,2026-09-03T02:00:00,77,3.59,3.97,3.06,4.86,0.43,0,0,0,0,309.9,-0.3233,258.14,SAFE
MILK_1794,2026-08-28T01:00:00,101,3.42,3.99,2.45,5.35,0.5,0,0,0,0,407.38,-0.2298,233.91,SAFE
MILK_1795,2026-09-01T22:00:00,365,3.05,4.53,0.56,9.84,1.48,57,6,6,1,1659.52,-0.4067,0.0,UNSAFE
MILK_1796,2026-09-05T23:00:00,373,16.74,12.08,5.11,20.76,2.83,370,345,26,41,4519.14,1.1873,0.0,UNSAFE
MILK_1797,2026-08-16T20:00:00,297,5.2,4.56,0.5,9.68,1.47,43,2,2,1,1359.55,0.2357,14.86,CAUTION
MILK_1798,2026-08-29T08:00:00,302,2.59,4.04,2.43,5.52,0.55,0,0,0,0,1222.83,-0.2202,31.26,CAUTION
MILK_1799,2026-09-16T10:00:00,373,7.12,6.96,4.57,9.9,0.99,306,58,49,3,2603.52,0.1099,0.0,UNSAFE
MILK_1800,2026-08-31T05:00:00,392,3.87,4.61,0.6,8.62,1.44,68,4,4,1,1811.91,-0.5103,0.0,UNSAFE
MILK_1801,2026-09-05T05:00:00,156,5.72,4.56,1.09,7.95,1.5,28,0,0,0,715.89,0.6409,166.76,SAFE
MILK_1802,2026-08-30T05:00:00,16,4.17,4.4,2.17,6.46,1.09,1,0,0,0,74.8,0.0865,318.11,SAFE
MILK_1803,2026-08-18T01:00:00,22,3.96,4.81,2.34,7.21,1.16,3,0,0,0,110.57,-0.5406,310.66,SAFE
MILK_1804,2026-08-14T17:00:00,37,8.01,4.84,2.21,8.01,1.36,8,1,1,1,183.75,0.3115,293.87,SAFE
MILK_1805,2026-08-26T17:00:00,112,7.22,7.08,4.95,9.62,0.98,95,19,16,2,800.16,0.2937,176.55,SAFE
MILK_1806,2026-08-15T17:00:00,156,7.44,7.0,5.0,9.96,0.99,127,24,19,3,1098.71,0.144,116.45,SAFE
MILK_1807,2026-08-25T20:00:00,84,3.77,4.04,2.75,5.77,0.52,0,0,0,0,343.56,-0.3914,250.47,SAFE
MILK_1808,2026-09-11T04:00:00,363,3.75,4.14,2.45,18.06,1.34,4,4,1,4,1506.23,0.0618,0.0,UNSAFE
MILK_1809,2026-08-26T19:00:00,26,7.58,6.91,4.56,8.88,1.09,21,5,4,2,186.54,0.1687,298.57,SAFE
MILK_1810,2026-08-15T04:00:00,62,8.32,6.87,3.99,8.68,1.07,50,13,11,2,433.02,0.065,249.03,SAFE
MILK_1811,2026-09-06T01:00:00,388,7.92,7.03,3.78,9.99,1.03,326,62,57,2,2734.31,0.3098,0.0,UNSAFE
MILK_1812,2026-09-03T13:00:00,390,4.14,4.19,2.01,18.28,1.53,7,7,1,7,1636.77,0.08,0.0,UNSAFE
MILK_1813,2026-08-24T14:00:00,271,4.1,3.98,2.92,5.24,0.46,0,0,0,0,1083.79,0.0725,64.11,CAUTION
MILK_1814,2026-09-02T11:00:00,157,6.63,4.54,0.5,8.33,1.4,23,1,1,1,717.72,0.5072,166.29,SAFE
MILK_1815,2026-08-25T07:00:00,34,6.2,4.25,1.6,7.74,1.55,4,0,0,0,148.92,0.4335,299.47,SAFE
MILK_1816,2026-09-08T04:00:00,208,3.8,4.47,2.62,17.94,2.38,9,9,1,9,934.24,0.002,104.39,SAFE
MILK_1817,2026-09-03T14:00:00,292,2.85,4.51,0.57,8.27,1.53,52,2,2,1,1321.4,-1.4489,21.74,CAUTION
MILK_1818,2026-08-18T06:00:00,390,3.74,4.13,2.62,19.07,1.33,4,4,1,4,1613.6,0.0785,0.0,UNSAFE
MILK_1819,2026-08-25T19:00:00,125,4.19,4.82,2.81,18.52,3.01,8,8,1,8,607.29,0.1295,186.39,SAFE
MILK_1820,2026-09-01T02:00:00,198,12.01,11.96,3.57,20.53,2.87,194,181,17,25,2379.15,-0.7378,0.0,UNSAFE
MILK_1821,2026-09-06T19:00:00,289,3.62,4.36,2.83,15.78,1.88,9,9,1,9,1263.31,-0.1356,25.03,CAUTION
MILK_1822,2026-08-30T22:00:00,160,4.24,4.46,0.73,7.66,1.35,19,0,0,0,717.99,-0.4833,164.81,SAFE
MILK_1823,2026-08-30T04:00:00,359,4.16,3.96,2.5,5.65,0.52,0,0,0,0,1424.42,0.1229,0.0,UNSAFE
MILK_1824,2026-08-07T07:00:00,98,4.59,4.04,2.48,5.35,0.56,0,0,0,0,400.36,0.0726,236.33,SAFE
MILK_1825,2026-08-27T15:00:00,71,3.95,4.01,2.7,4.92,0.47,0,0,0,0,288.48,-0.2204,263.85,SAFE
MILK_1826,2026-08-22T14:00:00,229,3.69,3.99,2.69,5.2,0.46,0,0,0,0,917.39,0.0483,106.0,SAFE
MILK_1827,2026-08-15T18:00:00,145,6.1,11.85,1.73,19.99,3.08,141,132,10,35,1729.66,-0.7595,0.0,UNSAFE
MILK_1828,2026-08-18T02:00:00,309,7.09,4.64,0.5,9.0,1.57,60,4,4,1,1439.02,0.7384,0.0,UNSAFE
MILK_1829,2026-08-28T20:00:00,12,13.51,9.15,2.78,17.29,5.7,6,6,1,6,118.9,-0.5314,308.25,SAFE
MILK_1830,2026-08-24T10:00:00,30,3.78,4.03,2.94,5.32,0.43,0,0,0,0,125.05,0.0599,304.85,SAFE
MILK_1831,2026-08-18T13:00:00,315,3.11,4.52,0.5,8.89,1.56,58,4,4,1,1427.38,-0.1563,0.0,UNSAFE
MILK_1832,2026-08-16T09:00:00,325,5.0,4.43,0.5,8.16,1.54,58,1,1,1,1444.79,0.7987,0.0,UNSAFE
MILK_1833,2026-09-03T17:00:00,164,5.29,4.62,2.61,19.25,2.87,9,9,1,9,763.09,0.0133,145.34,SAFE
MILK_1834,2026-08-27T18:00:00,193,7.49,6.98,4.43,9.45,0.94,165,30,24,3,1354.2,0.5715,65.42,CAUTION
MILK_1835,2026-08-11T02:00:00,172,3.11,4.03,2.73,5.19,0.5,0,0,0,0,696.91,-0.2947,162.2,SAFE
MILK_1836,2026-08-21T15:00:00,104,4.05,4.62,0.5,7.75,1.46,20,0,0,0,484.92,-0.334,222.17,SAFE
MILK_1837,2026-08-28T06:00:00,268,3.1,4.05,2.6,5.29,0.49,0,0,0,0,1088.51,-0.0906,65.23,CAUTION
MILK_1838,2026-08-18T13:00:00,288,4.42,4.02,2.36,5.56,0.51,0,0,0,0,1161.02,0.1088,46.0,CAUTION
MILK_1839,2026-08-20T21:00:00,57,4.67,4.6,2.95,14.39,2.44,4,4,1,4,266.61,0.3095,271.0,SAFE
MILK_1840,2026-09-12T19:00:00,349,4.25,4.16,2.64,17.61,1.5,5,5,1,5,1454.77,0.2033,0.0,UNSAFE
MILK_1841,2026-08-17T10:00:00,121,1.34,4.31,0.5,8.93,1.6,17,1,1,1,526.12,-0.5308,207.79,SAFE
MILK_1842,2026-09-12T12:00:00,281,5.59,4.5,0.5,8.19,1.64,48,4,4,1,1269.37,0.2678,33.18,CAUTION
MILK_1843,2026-09-02T04:00:00,395,4.0,4.06,2.59,15.89,1.07,3,3,1,3,1606.09,0.2137,0.0,UNSAFE
MILK_1844,2026-08-12T16:00:00,187,3.1,4.47,0.5,8.26,1.6,35,2,2,1,840.82,0.1204,134.91,SAFE
MILK_1845,2026-08-29T09:00:00,338,6.29,4.43,0.5,8.73,1.44,49,2,2,1,1502.77,0.1112,0.0,UNSAFE
MILK_1846,2026-08-26T09:00:00,134,4.56,4.28,2.48,16.15,1.65,3,3,1,3,578.44,0.0301,193.32,SAFE
MILK_1847,2026-08-30T23:00:00,205,9.15,7.06,3.63,9.78,1.04,177,37,27,4,1454.92,0.6393,45.7,CAUTION
MILK_1848,2026-09-07T18:00:00,207,5.04,4.47,0.5,7.88,1.39,31,0,0,0,929.87,0.3211,114.41,SAFE
MILK_1849,2026-08-25T13:00:00,380,3.28,4.5,0.5,9.36,1.52,59,2,2,1,1715.51,-0.095,0.0,UNSAFE
MILK_1850,2026-08-21T10:00:00,274,4.04,3.96,2.78,5.32,0.5,0,0,0,0,1089.18,0.1395,61.78,CAUTION
MILK_1851,2026-09-07T20:00:00,273,3.47,4.01,2.0,5.27,0.51,0,0,0,0,1098.43,-0.1893,61.31,CAUTION
MILK_1852,2026-09-05T14:00:00,238,4.42,3.95,2.74,5.21,0.5,0,0,0,0,944.55,0.0475,97.89,SAFE
MILK_1853,2026-08-22T18:00:00,161,5.42,4.43,0.5,9.39,1.56,21,2,2,1,717.45,-0.6811,163.63,SAFE
MILK_1854,2026-09-03T08:00:00,108,5.65,4.46,1.17,8.58,1.6,17,1,1,1,486.22,0.4208,219.54,SAFE
MILK_1855,2026-08-13T20:00:00,52,4.16,5.09,3.35,20.01,3.44,4,4,1,4,269.61,0.1541,269.37,SAFE
MILK_1856,2026-09-12T12:00:00,283,3.53,4.64,0.5,9.05,1.46,46,2,2,1,1318.4,-0.3788,27.27,CAUTION
MILK_1857,2026-08-03T15:00:00,43,3.97,3.99,3.16,4.82,0.45,0,0,0,0,175.56,-0.1415,292.0,SAFE
MILK_1858,2026-08-21T17:00:00,332,4.32,4.04,2.68,5.34,0.49,0,0,0,0,1345.33,-0.0657,1.05,CAUTION
MILK_1859,2026-09-09T06:00:00,360,3.45,3.99,2.68,5.42,0.49,0,0,0,0,1442.15,0.0758,0.0,UNSAFE
MILK_1860,2026-08-18T22:00:00,115,2.86,4.01,2.56,5.15,0.53,0,0,0,0,465.7,0.0438,219.61,SAFE
MILK_1861,2026-09-04T03:00:00,389,3.47,4.27,2.5,17.73,1.77,8,8,1,8,1665.74,-0.2255,0.0,UNSAFE
MILK_1862,2026-09-12T10:00:00,392,3.63,4.43,0.61,8.57,1.42,58,4,4,1,1739.35,-0.1728,0.0,UNSAFE
MILK_1863,2026-08-23T02:00:00,22,3.47,4.13,1.14,7.1,1.57,3,0,0,0,95.1,-0.5679,312.31,SAFE
MILK_1864,2026-08-23T09:00:00,179,8.02,7.19,3.84,9.73,1.02,158,37,32,2,1293.39,-0.0889,78.96,SAFE
MILK_1865,2026-08-04T01:00:00,47,4.26,4.83,2.65,19.26,3.42,4,4,1,4,231.91,0.1832,277.47,SAFE
MILK_1866,2026-09-07T15:00:00,295,4.05,3.98,2.58,5.19,0.47,0,0,0,0,1177.78,-0.0752,40.3,CAUTION
MILK_1867,2026-08-09T00:00:00,126,3.4,4.38,2.72,17.11,2.05,5,5,1,5,555.91,-2.3034,198.56,SAFE
MILK_1868,2026-08-24T12:00:00,240,4.37,4.23,2.56,16.85,1.82,6,6,1,6,1019.0,0.1496,81.37,SAFE
MILK_1869,2026-08-15T04:00:00,18,8.83,6.8,5.51,8.83,0.81,16,1,1,1,129.12,0.5871,310.06,SAFE
MILK_1870,2026-08-16T19:00:00,70,3.75,3.91,2.55,5.27,0.52,0,0,0,0,277.3,-0.0046,265.62,SAFE
MILK_1871,2026-09-01T02:00:00,338,5.1,4.58,0.5,8.95,1.47,58,3,3,1,1553.14,-1.0329,0.0,UNSAFE
MILK_1872,2026-08-26T13:00:00,42,3.16,6.09,3.16,16.77,4.2,8,8,1,8,261.71,-0.119,274.16,SAFE
MILK_1873,2026-09-05T03:00:00,193,4.85,4.0,2.81,5.17,0.45,0,0,0,0,776.02,0.4238,141.76,SAFE
MILK_1874,2026-09-02T08:00:00,64,4.27,3.97,2.82,5.17,0.48,0,0,0,0,257.99,-0.1408,271.13,SAFE
MILK_1875,2026-08-17T17:00:00,164,4.96,4.05,2.7,5.32,0.51,0,0,0,0,669.05,0.258,169.74,SAFE
MILK_1876,2026-08-26T12:00:00,154,3.57,4.01,2.76,5.15,0.5,0,0,0,0,621.94,-0.057,180.55,SAFE
MILK_1877,2026-09-03T03:00:00,205,6.32,4.37,0.5,7.82,1.53,29,0,0,0,900.84,0.7556,118.36,SAFE
MILK_1878,2026-08-14T22:00:00,25,4.32,5.75,3.49,18.09,3.98,4,4,1,4,149.4,-2.8749,300.25,SAFE
MILK_1879,2026-08-21T14:00:00,79,15.39,12.25,5.57,19.0,2.71,78,74,6,56,980.21,0.0751,129.14,SAFE
MILK_1880,2026-09-05T13:00:00,289,5.61,4.44,0.77,9.21,1.53,39,4,4,1,1287.97,0.2479,27.19,CAUTION
MILK_1881,2026-08-14T07:00:00,83,5.02,4.41,0.57,8.91,1.71,15,2,2,1,370.13,0.0316,246.6,SAFE
MILK_1882,2026-08-26T20:00:00,383,3.94,3.97,2.47,5.44,0.53,0,0,0,0,1525.76,0.0517,0.0,UNSAFE
MILK_1883,2026-08-22T02:00:00,15,7.23,7.37,5.55,9.17,0.87,15,3,2,2,117.92,0.1262,312.72,SAFE
MILK_1884,2026-08-22T03:00:00,82,5.98,6.88,4.69,8.6,0.97,69,12,11,2,571.07,0.196,221.47,SAFE
MILK_1885,2026-08-04T13:00:00,12,10.55,10.56,4.62,14.72,2.39,12,12,2,8,137.3,-0.6835,308.4,SAFE
MILK_1886,2026-08-28T14:00:00,211,4.61,4.05,2.98,5.17,0.47,0,0,0,0,857.59,0.1767,122.66,SAFE
MILK_1887,2026-08-20T22:00:00,53,5.05,4.73,0.95,7.93,1.44,12,0,0,0,255.32,0.0607,276.76,SAFE
MILK_1888,2026-08-26T15:00:00,393,2.96,4.45,0.51,8.81,1.49,63,4,4,1,1754.24,-0.5667,0.0,UNSAFE
MILK_1889,2026-09-01T17:00:00,186,4.78,3.98,2.81,5.1,0.44,0,0,0,0,744.83,0.2825,149.13,SAFE
MILK_1890,2026-08-21T17:00:00,340,4.58,4.05,2.78,5.42,0.52,0,0,0,0,1379.8,0.0877,0.0,UNSAFE
MILK_1891,2026-09-01T02:00:00,82,3.9,4.46,2.58,18.19,2.51,4,4,1,4,370.44,-0.104,243.53,SAFE
MILK_1892,2026-08-14T14:00:00,139,5.33,4.39,0.69,8.56,1.45,17,3,3,1,614.88,0.6595,187.96,SAFE
MILK_1893,2026-08-11T09:00:00,102,5.01,4.28,0.5,8.64,1.45,13,1,1,1,440.54,0.9921,228.45,SAFE
MILK_1894,2026-08-24T07:00:00,37,5.75,4.58,0.5,7.17,1.3,2,0,0,0,173.92,0.0723,295.12,SAFE
MILK_1895,2026-09-07T23:00:00,246,3.91,4.34,2.71,17.04,1.78,7,7,1,7,1071.71,0.2644,72.37,SAFE
MILK_1896,2026-08-18T02:00:00,353,6.26,6.94,3.83,9.59,1.01,294,57,42,5,2456.86,-0.2504,0.0,UNSAFE
MILK_1897,2026-08-05T20:00:00,60,6.08,4.32,0.95,8.39,1.71,12,1,1,1,263.29,-0.1584,271.72,SAFE
MILK_1898,2026-08-20T18:00:00,307,4.1,4.54,0.5,8.02,1.53,54,2,2,1,1398.6,-0.2099,4.54,CAUTION
MILK_1899,2026-08-24T10:00:00,192,4.0,4.47,0.5,8.88,1.47,24,2,2,1,863.53,-0.1626,130.05,SAFE
MILK_1900,2026-08-20T06:00:00,345,5.89,4.52,0.5,10.07,1.52,61,2,2,1,1563.43,0.7321,0.0,UNSAFE
MILK_1901,2026-08-14T14:00:00,155,4.32,4.59,0.5,9.49,1.6,26,5,5,1,716.45,0.1181,166.91,SAFE
MILK_1902,2026-08-24T15:00:00,109,3.16,3.99,2.58,5.08,0.49,0,0,0,0,438.93,-0.2209,225.96,SAFE
MILK_1903,2026-08-21T15:00:00,240,4.56,4.56,0.5,8.9,1.42,36,2,2,1,1098.56,-0.2026,76.57,SAFE
MILK_1904,2026-08-26T06:00:00,347,4.14,3.98,2.79,5.25,0.5,0,0,0,0,1384.38,0.0071,0.0,UNSAFE
MILK_1905,2026-08-23T19:00:00,309,4.31,4.4,0.5,9.6,1.53,48,4,4,1,1364.28,-0.7544,7.42,CAUTION
MILK_1906,2026-08-18T06:00:00,300,4.4,4.54,0.5,8.71,1.52,50,3,3,1,1367.22,-0.7436,12.07,CAUTION
MILK_1907,2026-08-21T23:00:00,229,3.57,4.0,2.51,5.45,0.52,0,0,0,0,919.58,0.0031,105.67,SAFE
MILK_1908,2026-08-13T02:00:00,170,3.45,3.99,2.86,5.3,0.46,0,0,0,0,682.17,0.0866,164.98,SAFE
MILK_1909,2026-08-23T21:00:00,374,4.0,3.98,2.62,5.49,0.51,0,0,0,0,1493.27,-0.0571,0.0,UNSAFE
MILK_1910,2026-09-03T13:00:00,233,8.87,6.95,4.04,9.85,1.04,192,39,34,3,1627.34,0.4322,10.17,CAUTION
MILK_1911,2026-08-12T17:00:00,78,3.51,4.7,2.93,16.92,2.74,6,6,1,6,371.06,-0.0649,245.15,SAFE
MILK_1912,2026-08-23T15:00:00,193,4.13,4.43,2.81,19.84,2.2,6,6,1,6,858.61,0.137,123.05,SAFE
MILK_1913,2026-08-22T06:00:00,99,7.51,6.88,3.68,9.72,1.09,81,13,12,2,687.83,0.1328,197.83,SAFE
MILK_1914,2026-08-23T22:00:00,51,4.13,4.04,2.92,5.04,0.5,0,0,0,0,210.15,0.1362,283.69,SAFE
MILK_1915,2026-08-30T17:00:00,81,4.63,4.04,2.69,4.98,0.53,0,0,0,0,331.25,0.151,253.5,SAFE
MILK_1916,2026-09-03T07:00:00,110,11.11,11.96,4.68,19.26,3.15,109,96,15,22,1327.91,-0.3217,53.31,CAUTION
MILK_1917,2026-08-23T17:00:00,330,8.11,6.97,4.22,10.04,0.96,276,45,42,2,2307.04,0.186,0.0,UNSAFE
MILK_1918,2026-08-05T23:00:00,48,3.69,3.85,2.5,4.91,0.5,0,0,0,0,188.72,0.0793,287.72,SAFE
MILK_1919,2026-09-09T05:00:00,269,3.47,4.38,2.93,17.92,2.04,9,9,1,9,1182.48,-0.0499,43.82,CAUTION
MILK_1920,2026-08-28T19:00:00,217,4.15,4.52,1.04,9.52,1.49,31,4,4,1,984.57,-0.0539,102.1,SAFE
MILK_1921,2026-08-30T16:00:00,118,3.68,3.99,2.85,5.05,0.47,0,0,0,0,475.08,-0.1731,216.95,SAFE
MILK_1922,2026-09-11T05:00:00,292,5.08,4.4,0.5,9.75,1.57,45,4,4,1,1289.02,0.2395,25.25,CAUTION
MILK_1923,2026-08-21T15:00:00,286,4.34,3.98,2.48,5.15,0.47,0,0,0,0,1141.03,-0.1133,49.38,CAUTION
MILK_1924,2026-08-20T10:00:00,86,4.54,3.97,2.82,5.0,0.48,0,0,0,0,345.43,0.3114,249.16,SAFE
MILK_1925,2026-08-17T16:00:00,124,5.97,4.26,0.5,8.06,1.49,18,1,1,1,532.08,0.3624,205.67,SAFE
MILK_1926,2026-09-14T19:00:00,385,3.49,4.09,2.26,16.66,1.19,4,4,1,4,1577.96,-0.0847,0.0,UNSAFE
MILK_1927,2026-08-26T23:00:00,271,5.53,4.41,1.01,8.41,1.47,38,2,2,1,1198.74,-0.0258,47.79,CAUTION
MILK_1928,2026-08-11T16:00:00,196,4.23,4.13,2.77,17.19,1.49,3,3,1,3,814.2,0.1462,131.96,SAFE
MILK_1929,2026-09-04T19:00:00,324,3.75,4.3,2.84,17.47,2.0,9,9,1,9,1395.92,0.06,0.0,UNSAFE
MILK_1930,2026-08-27T02:00:00,238,4.36,4.0,2.7,5.35,0.49,0,0,0,0,956.49,0.0037,96.6,SAFE
MILK_1931,2026-08-18T16:00:00,299,5.81,4.49,0.5,8.82,1.5,51,1,1,1,1347.68,-0.5279,15.0,CAUTION
MILK_1932,2026-09-15T05:00:00,347,3.79,4.24,2.32,16.93,1.69,8,8,1,8,1476.93,0.0432,0.0,UNSAFE
MILK_1933,2026-09-01T16:00:00,193,7.23,4.26,0.5,8.19,1.48,29,2,2,1,825.63,0.5029,133.81,SAFE
MILK_1934,2026-08-18T22:00:00,399,9.25,6.96,3.49,9.71,1.0,331,60,52,3,2784.91,0.7324,0.0,UNSAFE
MILK_1935,2026-08-18T01:00:00,42,5.38,5.15,2.9,15.03,3.06,5,5,1,5,221.54,0.18,283.5,SAFE
MILK_1936,2026-08-22T17:00:00,352,2.96,4.2,2.7,18.88,1.7,7,7,1,7,1481.04,-0.1743,0.0,UNSAFE
MILK_1937,2026-09-08T03:00:00,208,4.71,4.28,2.82,15.06,1.76,6,6,1,6,894.88,0.2974,114.67,SAFE
MILK_1938,2026-08-30T07:00:00,30,10.12,12.14,6.2,19.72,2.8,31,29,3,22,376.23,1.2345,256.42,SAFE
MILK_1939,2026-08-24T00:00:00,62,3.34,4.48,0.5,8.55,1.72,10,1,1,1,282.41,-0.2552,268.38,SAFE
MILK_1940,2026-09-06T14:00:00,334,4.91,4.42,0.81,9.17,1.52,43,4,4,1,1480.03,0.3216,0.0,UNSAFE
MILK_1941,2026-09-12T13:00:00,389,3.63,4.02,2.53,5.85,0.5,0,0,0,0,1567.12,-0.1158,0.0,UNSAFE
MILK_1942,2026-08-21T18:00:00,288,3.36,3.97,2.28,5.47,0.52,0,0,0,0,1148.04,-0.4537,47.41,CAUTION
MILK_1943,2026-08-27T15:00:00,202,7.32,7.02,4.84,9.43,1.0,168,33,27,3,1425.68,-0.0684,51.33,CAUTION
MILK_1944,2026-08-29T17:00:00,197,4.29,4.66,1.2,8.74,1.4,36,3,3,1,921.77,0.1979,120.68,SAFE
MILK_1945,2026-08-21T21:00:00,49,3.94,4.0,3.28,5.12,0.45,0,0,0,0,199.86,-0.0616,285.95,SAFE
MILK_1946,2026-08-25T18:00:00,202,9.32,6.94,4.11,10.59,1.11,158,36,28,4,1408.37,0.1141,53.56,CAUTION
MILK_1947,2026-09-10T17:00:00,274,6.1,4.63,0.5,8.02,1.52,54,1,1,1,1272.18,0.4906,37.3,CAUTION
MILK_1948,2026-08-21T05:00:00,186,4.63,4.03,2.62,5.31,0.48,0,0,0,0,753.3,-0.043,148.16,SAFE
MILK_1949,2026-08-29T22:00:00,319,3.79,3.98,2.41,5.41,0.52,0,0,0,0,1274.1,-0.2494,16.13,CAUTION
MILK_1950,2026-08-05T01:00:00,81,5.07,4.54,0.75,8.55,1.66,16,1,1,1,372.26,0.4142,247.55,SAFE
MILK_1951,2026-08-20T12:00:00,127,4.2,4.68,1.77,7.73,1.45,20,0,0,0,599.52,0.4484,196.26,SAFE
MILK_1952,2026-08-17T19:00:00,339,3.55,4.11,2.63,17.45,1.28,4,4,1,4,1397.86,-0.0002,0.0,UNSAFE
MILK_1953,2026-08-08T23:00:00,90,1.59,4.47,1.06,8.68,1.48,15,1,1,1,406.47,-0.5338,238.92,SAFE
MILK_1954,2026-08-28T12:00:00,377,4.11,4.2,2.56,16.16,1.67,8,8,1,8,1586.72,0.0817,0.0,UNSAFE
MILK_1955,2026-08-16T00:00:00,179,4.64,4.03,2.76,5.56,0.49,0,0,0,0,725.29,0.163,155.15,SAFE
MILK_1956,2026-09-03T19:00:00,256,3.88,4.0,2.43,5.5,0.5,0,0,0,0,1027.83,-0.0331,78.62,SAFE
MILK_1957,2026-09-02T06:00:00,255,4.16,4.32,2.65,19.24,2.01,7,7,1,7,1105.29,0.1937,60.5,CAUTION
MILK_1958,2026-08-16T00:00:00,220,1.6,4.54,0.5,9.19,1.53,36,2,2,1,1002.66,-0.5082,98.27,SAFE
MILK_1959,2026-08-02T15:00:00,32,3.63,4.0,2.81,5.04,0.51,0,0,0,0,132.1,-0.1043,302.94,SAFE
MILK_1960,2026-08-18T19:00:00,313,5.15,4.44,0.5,9.84,1.57,49,4,4,1,1393.7,-0.0884,1.52,CAUTION
MILK_1961,2026-08-20T00:00:00,332,2.28,4.5,0.5,8.85,1.49,50,5,5,1,1496.88,-0.6635,0.0,UNSAFE
MILK_1962,2026-08-29T16:00:00,303,6.67,4.54,0.83,8.78,1.47,53,3,3,1,1380.54,0.1258,9.15,CAUTION
MILK_1963,2026-08-09T00:00:00,95,10.3,11.68,1.99,20.04,3.17,94,85,10,20,1121.6,-0.4506,98.62,SAFE
MILK_1964,2026-08-20T15:00:00,274,3.61,4.36,0.5,7.97,1.41,36,0,0,0,1199.19,-0.1654,46.43,CAUTION
MILK_1965,2026-09-13T16:00:00,316,11.15,11.92,4.58,21.26,3.15,311,278,35,50,3779.8,-0.0276,0.0,UNSAFE
MILK_1966,2026-08-20T15:00:00,19,4.6,5.66,3.29,17.63,4.53,3,3,1,3,113.2,0.1581,307.63,SAFE
MILK_1967,2026-08-20T22:00:00,320,3.95,4.35,2.64,19.92,2.09,9,9,1,9,1396.37,0.0076,0.0,UNSAFE
MILK_1968,2026-08-21T07:00:00,122,3.66,3.94,2.79,5.74,0.51,0,0,0,0,484.61,-0.1871,213.62,SAFE
MILK_1969,2026-09-09T18:00:00,317,7.93,6.98,4.11,10.03,0.98,271,45,40,3,2219.91,0.0867,0.0,UNSAFE
MILK_1970,2026-08-10T01:00:00,103,3.87,4.04,2.79,5.08,0.54,0,0,0,0,420.19,-0.239,231.35,SAFE
MILK_1971,2026-09-01T04:00:00,271,4.11,4.44,0.5,7.51,1.39,33,0,0,0,1207.24,0.2308,47.22,CAUTION
MILK_1972,2026-08-25T01:00:00,380,4.27,3.99,2.59,5.38,0.52,0,0,0,0,1521.2,-0.0824,0.0,UNSAFE
MILK_1973,2026-09-01T12:00:00,242,3.74,4.02,2.68,6.15,0.53,1,0,0,0,976.01,-0.1439,92.15,SAFE
MILK_1974,2026-08-22T15:00:00,45,4.17,3.98,2.36,5.16,0.61,0,0,0,0,183.16,0.2999,289.99,SAFE
MILK_1975,2026-08-17T03:00:00,207,3.48,3.97,2.56,4.96,0.45,0,0,0,0,825.94,-0.1947,128.41,SAFE
MILK_1976,2026-08-05T21:00:00,18,3.54,7.84,3.03,18.05,5.53,7,7,1,7,149.02,-2.4888,300.47,SAFE
MILK_1977,2026-09-12T16:00:00,360,5.97,6.96,3.4,9.75,1.0,302,56,48,2,2514.14,-0.4791,0.0,UNSAFE
MILK_1978,2026-08-27T12:00:00,320,3.86,4.48,0.5,8.57,1.58,58,4,4,1,1437.47,0.6021,0.0,UNSAFE
MILK_1979,2026-08-14T18:00:00,253,3.69,4.48,0.5,9.21,1.53,39,2,2,1,1137.1,-0.4615,64.52,CAUTION
MILK_1980,2026-09-12T00:00:00,317,3.36,4.56,0.71,9.67,1.56,57,9,9,1,1449.93,-0.5789,0.0,UNSAFE
MILK_1981,2026-08-13T20:00:00,267,4.05,4.09,2.59,13.29,1.05,3,3,1,3,1097.01,-0.0778,62.87,CAUTION
MILK_1982,2026-08-20T01:00:00,76,2.91,5.14,2.91,16.71,3.49,9,9,1,9,396.03,-0.01,239.47,SAFE
MILK_1983,2026-09-01T10:00:00,230,6.66,6.88,4.09,9.59,1.02,182,30,27,2,1588.76,0.0396,17.11,CAUTION
MILK_1984,2026-08-25T20:00:00,199,4.69,3.98,2.63,5.3,0.51,0,0,0,0,795.3,0.2591,136.2,SAFE
MILK_1985,2026-09-12T08:00:00,367,4.16,4.0,2.84,5.43,0.46,0,0,0,0,1470.99,-0.213,0.0,UNSAFE
MILK_1986,2026-08-22T20:00:00,127,2.9,4.05,2.54,5.3,0.53,0,0,0,0,517.8,-0.1913,207.14,SAFE
MILK_1987,2026-09-09T04:00:00,205,5.13,4.24,0.5,8.79,1.51,25,1,1,1,873.78,0.9883,121.5,SAFE
MILK_1988,2026-08-28T23:00:00,389,5.19,4.68,1.14,8.39,1.41,68,3,3,1,1825.98,-0.1566,0.0,UNSAFE
MILK_1989,2026-09-12T14:00:00,304,5.32,4.55,0.61,9.11,1.52,52,1,1,1,1387.0,0.5754,7.54,CAUTION
MILK_1990,2026-08-07T19:00:00,78,4.1,3.97,2.9,5.44,0.48,0,0,0,0,313.34,0.0881,257.18,SAFE
MILK_1991,2026-08-15T00:00:00,129,3.37,3.97,2.9,5.71,0.5,0,0,0,0,516.74,-0.1452,206.16,SAFE
MILK_1992,2026-09-05T13:00:00,155,4.18,4.36,2.55,14.26,1.84,6,6,1,6,679.49,-0.1326,169.15,SAFE
MILK_1993,2026-08-09T18:00:00,12,5.22,12.25,5.22,16.75,3.38,12,11,2,7,159.21,-2.5317,301.7,SAFE
MILK_1994,2026-08-24T12:00:00,13,2.49,4.68,1.19,8.13,1.92,3,1,1,1,65.52,-0.8574,320.57,SAFE
MILK_1995,2026-08-22T14:00:00,70,7.42,4.51,0.75,9.13,1.64,12,1,1,1,320.31,0.1137,259.64,SAFE
MILK_1996,2026-08-25T10:00:00,202,3.65,4.06,2.8,5.14,0.45,0,0,0,0,824.95,0.0026,131.33,SAFE
MILK_1997,2026-09-05T08:00:00,362,4.53,3.99,2.41,5.14,0.47,0,0,0,0,1448.5,0.1486,0.0,UNSAFE
MILK_1998,2026-09-04T13:00:00,219,5.46,4.65,0.5,8.95,1.48,35,4,4,1,1022.34,0.3621,96.63,SAFE
MILK_1999,2026-08-15T20:00:00,89,3.97,4.43,0.5,9.07,1.58,16,2,2,1,398.34,-0.0124,240.24,SAFE
